log outdegree,log S,log Sinter,log indegree,log input purchases
-7.31422648660118,-0.595243757554719,-1.09883295010651,-7.5154152604983,-1.08479198287342
-8.69596569420958,1.36541274368704,0.135919730957007,-6.65201692699798,0.875864518368331
-6.83689447213049,0.0278056136256894,-0.321032700580935,-7.23735269973254,-0.461742611693016
-6.06497410316684,0.779813097589749,0.595813610397639,-6.90628546608245,0.290264872271044
-7.92049925079803,-2.03757447463094,-2.8080621358059,-8.17172680528248,-2.52712269994965
-6.85111201364985,0.416098459060392,0.0632980287196965,-7.06577882411203,-0.0734497662583135
-7.80596306033369,-1.21568115735632,-1.92944573849572,-7.79561419106321,-1.70522938267503
-7.33668910013464,1.21415769682316,0.702127906514042,-6.71739030390177,0.724609471504458
-7.85039207245229,-0.477972690291574,-1.21339014285358,-7.46282150266132,-0.96752091561028
-9.88501466351115,-1.40851794588073,-3.54707533778743,-7.88336042926311,-1.89806617119944
-8.46639353758803,-2.8611796462136,-3.94173319192788,-8.55409206011142,-3.3507278715323
-10.41398391808,-1.49695713712855,-4.09153170279778,-7.92370591311913,-1.98650536244726
-7.7992278175791,-3.32902354520496,-4.03954454315162,-8.77366215951896,-3.81857177052367
-9.14154136875881,0.107848488262283,-1.43819163281869,-7.20187520434619,-0.381699737056422
-8.70910935727442,-1.83364713421898,-3.07197571302531,-8.07789045210669,-2.32319535953769
-10.5411991653128,-3.04343125344958,-5.75070148218699,-8.63942560523546,-3.53297947876829
-4.76633126632604,1.77392242165193,1.7156774995229,-6.47652216202364,1.28437419633322
-7.02360429058272,-1.46253825467522,-1.86647282569088,-7.90799672950149,-1.95208647999393
-8.44718838145706,1.69471677098086,0.626147822817595,-6.51042568645986,1.20516854566216
-10.4614699465084,1.19937398434447,-1.4371489551261,-6.72379131671063,0.709825759025762
-7.98000246771401,-0.855657191589687,-1.65677512835104,-7.63262542351096,-1.34520541690839
-8.8174963348244,-0.0864839904322877,-1.39889043895232,-7.28810647696205,-0.576032215750994
-9.99015245199933,1.14538088753879,-1.08196429732504,-6.74718597561531,0.655832662220083
-8.31709933158875,3.21771186659187,2.22831477651796,-5.86907462907367,2.72816364127317
-6.49968419284908,-1.79275732844401,-2.05812600652367,-8.05911669176163,-2.28230555376271
-4.74826101884965,3.85976369538749,3.80246359447512,-5.60558412532514,3.37021547006878
-9.09732773793603,-2.72646885676666,-4.23962075013995,-8.49118456974128,-3.21601708208537
-9.34053750290912,1.04085315264635,-0.656822965244822,-6.7925529063733,0.551304927327644
-7.95163740812737,-3.25277950508685,-4.0391973321867,-8.73776382359688,-3.74232773040555
-7.44409500502098,-0.0231080605198665,-0.577007372784938,-7.2599482522694,-0.512656285838572
-10.8009007705738,-0.839173308261691,-3.77936600558489,-7.62518910595394,-1.3287215335804
-8.1463071337369,-0.346250633178731,-1.23715247544322,-7.40388789198606,-0.835798858497437
-9.52421395645189,-1.30083337174345,-3.14331438889042,-7.83432276203593,-1.79038159706215
-6.14981332311679,2.36266119362857,2.16482662024857,-6.22637704191569,1.87311296830986
-8.20189287430767,1.18503786264638,0.262770888633414,-6.730000325019,0.695489637327672
-7.78660298678081,2.13848666158329,1.43401855980757,-6.32123364687105,1.64893843626458
-8.02252514860315,-1.40284922273952,-2.22634094454449,-7.880776570728,-1.89239744805823
-10.9367735699643,0.202099673296349,-2.86128690741713,-7.16017274815719,-0.287448552022357
-9.88481752290343,-1.39879563976819,-3.53718752495019,-7.87892911317463,-1.88834386508689
-7.06060799067128,-0.11304830434724,-0.528709600167793,-7.29991967775629,-0.602596529665946
-7.67477636219329,1.59268224931067,0.940260227997705,-6.5541891467213,1.10313402399196
-5.69416560082684,2.85406966664327,2.72068433457638,-6.02015040980176,2.36452144132457
-7.25527094808724,0.611810518383413,0.129861647050316,-6.97980853634918,0.122262293064707
-8.3392536552685,0.590623770231544,-0.412006705711511,-6.98909859691404,0.101075544912839
-4.59904804575255,4.23346554880715,4.18341366939793,-5.45416888263477,3.74391732348844
-8.04189032210706,-1.10815286719747,-1.94196709943932,-7.74682035069645,-1.59770109251618
-7.65962819109535,-2.34763177740936,-2.99321996400948,-8.31504062452765,-2.83718000272807
-8.24777905798802,-2.17575872592324,-3.1244225483131,-8.23550264559434,-2.66530695124194
-10.5928527826294,-1.39950241746797,-4.15280832700263,-7.87925124124939,-1.88905064278667
-5.35594266723148,1.48853093505939,1.38961226341185,-6.59896192587849,0.998982709740681
-8.91139032274699,-2.8043979415399,-4.18268244274869,-8.52755871811167,-3.2939461668586
-8.79974151646798,-1.47536238570247,-2.77548747184139,-7.91384850750625,-1.96491061102117
-5.67954577742763,0.7834293570484,0.651743663405068,-6.90470594930772,0.293881131729694
-8.75550613141198,-0.774758226826825,-2.0445331225359,-7.59615160232084,-1.26430645214553
-3.73352514517137,4.24238975440427,4.21964785618773,-5.45057094956763,3.75284152908556
-8.25002891732776,-0.201059707970009,-1.15102936383463,-7.33910205485141,-0.690607933288715
-9.19527781665454,-0.963939937996703,-2.55035526362632,-7.68153212516045,-1.45348816331541
-6.21099545928357,0.118921115679452,-0.0894716734951606,-7.19697248827085,-0.370627109639253
-8.20417187168133,-1.66387348960836,-2.58744088696039,-8.00002783046957,-2.15342171492706
-8.80310547313807,-0.0884269924146297,-1.39087458488144,-7.28897031697257,-0.577975217733335
-7.81580229353879,-0.600856166541443,-1.31937766367632,-7.51793520583808,-1.09040439186015
-4.65297380426135,2.28634791407006,2.23378678546884,-6.25861440342622,1.79679968875135
-9.09710173793386,-1.70267048382491,-3.21565500290245,-8.01780039094611,-2.19221870914361
-7.88553460917812,0.53859255660594,-0.214266404437021,-7.01193066731252,0.0490443312872337
-7.02198311971415,1.52003622999706,1.11660937052675,-6.58540715722836,1.03048800467835
-9.24544529632636,-1.00846027099104,-2.63295806539442,-7.70166875958553,-1.49800849630974
-8.52272772533723,-0.091887183106044,-1.20802540783888,-7.29050875883354,-0.58143540842475
-10.1477866057717,-0.101216859272561,-2.46351392581419,-7.29465743337734,-0.590765084591267
-5.57948903076536,1.95553858345341,1.83494890041159,-6.39900368699649,1.46599035813471
-6.08003224942468,-0.763723264633283,-0.950112023801186,-7.59118174013891,-1.25327148995199
-8.62439798423607,0.64657847353664,-0.535380183399488,-6.96457199520264,0.157030248217934
-7.97495699416586,-0.966385791151082,-1.76487576329922,-7.68263794248296,-1.45593401646979
-6.50473575924655,-0.349276335981526,-0.615754109866923,-7.40524038036937,-0.838824561300232
-9.69190337659455,-0.0180968678949265,-1.99641086268621,-7.25772326686029,-0.507645093213632
-9.63721590050833,-3.57357462287587,-5.50723299461434,-8.88910494749559,-4.06312284819457
-8.93045408570866,0.425760660423258,-0.966086463125589,-7.06152635316958,-0.0637875648954473
-9.1955402501039,-1.0729534467566,-2.65956702495048,-7.73086872268643,-1.56250167207531
-9.55956057136967,0.894730411510214,-0.976107082390575,-6.85614042254985,0.405182186191508
-7.52128349910207,1.49814386413442,0.912594244554188,-6.59482452072485,1.00859563881571
-8.90403471165592,-0.105169728595376,-1.47823769063135,-7.29641535036014,-0.594717953914081
-8.66008788655655,-2.61854386097257,-3.82408532128407,-8.44088828494655,-3.10809208629128
-7.63833284546485,-1.02532365741717,-1.66139151833869,-7.70930047052063,-1.51487188273588
-8.12977842558744,3.13105459714021,2.24934943835209,-5.90495687216712,2.64150637182151
-6.54421921625741,1.50669498089895,1.23140605619089,-6.59114574466717,1.01714675558024
-7.54532672369902,0.825960799115249,0.230283262474449,-6.88613382480662,0.336412573796544
-5.19661380614623,1.50407638427487,1.41827221785428,-6.5922729765728,1.01452815895617
-9.09527805677051,-0.492503439809623,-2.00413796592955,-7.46933185486941,-0.982051665128329
-8.93442031907171,-1.87529174899829,-3.26996852898487,-8.09702564823847,-2.364839974317
-9.14765215030257,-0.889515781733698,-2.44012521894165,-7.64790726576105,-1.3790640070524
-8.14704659593811,-1.04245736517917,-1.9337720722383,-7.71705692748912,-1.53200559049788
-8.28559911728276,-3.12434883257939,-4.09510931627932,-8.67739529904067,-3.61389705789809
-9.7260551352833,1.21435753959981,-0.792011324544061,-6.71730383365729,0.724809314281101
-8.71024523763943,-0.898591160056171,-2.13768477749792,-7.65200500846716,-1.38813938537488
-5.46781939259558,-0.0796955368983913,-0.188948999111431,-7.28508996409249,-0.569243762217097
-9.08412284886001,-1.30580693031075,-2.80919551491568,-7.83658550114508,-1.79535515562946
-7.19937708086318,-0.244812531897538,-0.706924443398963,-7.35860588980503,-0.734360757216244
-9.18117875149008,-1.85745660485265,-3.43323638850736,-8.08882889581862,-2.34700483017136
-9.48900807135543,1.07168287931311,-0.74270687005654,-6.77916182532933,0.582134653994402
-8.02865426631964,-1.26479200142953,-2.09154180674471,-7.81793165577976,-1.75434022674823
-10.6756595531371,0.21459304745777,-2.61282562866885,-7.15465080059981,-0.274955177860935
-8.77164164075253,-0.558046133540624,-1.83885033848571,-7.49872004689446,-1.04759435885933
-6.7230718939263,-0.5121436937839,-0.830595553329722,-7.47813462275924,-1.00169191910261
-10.123713512835,1.33365469644163,-1.00789906721346,-6.66572544016518,0.84410647112292
-8.74251111520126,0.0558783965233054,-1.20504859632242,-7.22490343593876,-0.4336698287954
-9.69161122909373,-1.03331703830201,-3.01139163924776,-7.71291879360915,-1.52286526362072
-6.25730760357034,-0.407862642559785,-0.624583905043901,-7.43143570468332,-0.897410867878491
-8.8725676618547,0.400634480020249,-0.950223589552452,-7.07258614134854,-0.0889137452984571
-7.80485858415631,1.33121646794914,0.617984622045386,-6.66677822201484,0.841668242630434
-5.79538602678676,1.77846926089759,1.63273819645655,-6.47457719224396,1.28892103557888
-8.67690554866301,0.528023984538992,-0.688714288864505,-7.01657129952566,0.0384757592202858
-10.1369988154362,-1.8367957174862,-4.18979151696121,-8.07933672409316,-2.3263439428049
-9.28835778887045,-0.923894882586534,-2.58125787476038,-7.66343394601225,-1.41344310790524
-9.27594696068143,-0.5305714449667,-2.17840231697138,-7.48639640157865,-1.02011967028541
-7.57752177240162,-1.1813119073001,-1.79075257472761,-7.78000774154893,-1.6708601326188
-7.00319577005589,-1.50721013814855,-1.90479351169478,-7.92838767665186,-1.99675836346726
-5.99071060381261,1.75787049092622,1.58524777477669,-6.48338795281066,1.26832226560751
-8.21974983163932,-3.88184736015965,-4.81433304842499,-9.03527416450911,-4.37139558547835
-6.61580989493481,1.27120070534384,0.979285025218881,-6.69271126307346,0.781652480025135
-8.56970437350048,0.778774629723865,-0.367523090986276,-6.90673862258305,0.289226404405159
-7.71671925908365,0.361239218288978,-0.310374154038135,-7.089938065545,-0.128309007029727
-8.07232675524175,0.320772366400328,-0.529433888157162,-7.10777637711503,-0.168775858918378
-8.77601957933693,0.384155169363004,-0.899649719357932,-7.07984289280922,-0.105393055955701
-7.3300714646112,-0.962952351201691,-1.47248430018745,-7.68108569195361,-1.4525005765204
-10.330580508212,-3.92567414725446,-6.44692993504848,-9.05611288332011,-4.41522237257316
-8.92201453968412,-0.935280168780306,-2.32111542924055,-7.6685780879024,-1.42482839409901
-9.48804474785784,0.659128046598746,-1.15449524888898,-6.9590750439038,0.16957982128004
-7.65442836076707,0.636368549241399,-0.00688547337529644,-6.96904519653061,0.146820323922693
-5.96322833233239,-1.25973182383151,-1.42831159641829,-7.81563270021881,-1.74928004915022
-8.97767154606131,-0.0629846515795984,-1.48868988188594,-7.27766150975042,-0.552532876898304
-7.78638347657823,-2.26733829184119,-2.9717016812079,-8.27785367614887,-2.75688651715989
-9.84796404240499,-0.291054047642383,-2.39857256385435,-7.37923705786655,-0.780602272961089
-7.26675338915369,0.229286282892884,-0.256819367313634,-7.14815829045429,-0.260261942425822
-10.7050605042628,-0.276561180161153,-3.13038255487103,-7.37276891311664,-0.766109405479859
-8.1257215021242,1.09902794118705,0.219570806644724,-6.76729156766607,0.609479715868349
-8.9678486801295,-1.27472804754704,-2.69335878414983,-7.82244934925933,-1.76427627286575
-7.62075915324208,-1.77882466327307,-2.40711264444986,-8.05272176879516,-2.26837288859177
-7.26807745462014,-0.836017307851954,-1.32260414044464,-7.62376564193255,-1.32556553317066
-5.5085733342554,-0.120681298639994,-0.233949250273729,-7.30331639686436,-0.6102295239587
-5.78509540653906,-1.41713526746866,-1.56156426572712,-7.88729062309158,-1.90668349278736
-6.92546707995415,-2.15079367613586,-2.52493453067595,-8.22396964020572,-2.64034190145457
-7.24451084274436,-1.16334504346528,-1.6414240771755,-7.77185330771956,-1.65289326878399
-8.34806883729352,-0.285342624795205,-1.29326739827553,-7.37668779269593,-0.774890850113911
-7.67350546892787,0.733074110441956,0.0812273895878361,-6.92671388645169,0.24352588512325
-6.66618692741752,0.209212509799562,-0.0949189253358438,-7.15702895798837,-0.280335715519144
-7.92007686231343,-2.41051014506191,-3.18078322823252,-8.34419779934006,-2.90005837038062
-11.1978380202726,-1.35243543995823,-4.65467418859465,-7.85780945786562,-1.84198366527694
-8.20598572789363,-0.233329366952596,-1.15793240627881,-7.35348533233878,-0.722877592271302
-6.9501242782062,0.616279921898866,0.234829845461253,-6.97784934547342,0.12673169658016
-10.1668374252222,-4.0120062363578,-6.39075192597426,-9.09720400404654,-4.50155446167651
-8.05573250310509,0.644106245458485,-0.197137424791716,-6.9656550361928,0.15455802013978
-5.73786750472457,0.236000222920162,0.0974100246535752,-7.1451931516206,-0.253548002398544
-8.48990610422799,-0.510757626001552,-1.60608546237346,-7.47751299202189,-1.00030585132026
-8.12232375180141,0.77006403102402,-0.107513061004166,-6.9105444739381,0.280515805705314
-9.06331920293865,1.35946007944746,-0.128602890141929,-6.65458571641668,0.869911854128751
-8.12181757722684,-1.84048764838523,-2.71778499953527,-8.08103262143066,-2.33003587370394
-7.13006277138014,1.15341334833904,0.714996567194906,-6.74370386972072,0.663865123020333
-7.99038427638009,1.47148107963609,0.664937935277252,-6.60630005555289,0.981932854317386
-9.45814586303082,1.40829911993622,-0.381593219430124,-6.63351976692827,0.918750894617515
-5.99474483475924,0.256062896220278,0.082839086983341,-7.13633211942103,-0.233485329098428
-6.12965301654932,-0.779486950979298,-0.973950753176796,-7.59828301043919,-1.269035176298
-8.16652878799262,-1.5790094856363,-2.48124391868461,-7.96119541741047,-2.068557710955
-7.84571817931917,-0.164987856528709,-0.898106521912117,-7.32303478345968,-0.654536081847415
-8.12857190622652,0.513388406481155,-0.367647905000489,-7.0229993585991,0.0238401811624495
-8.60138420193177,-0.695606036168609,-1.86248838761252,-7.56051913531969,-1.18515426148731
-7.31057777795843,-0.442046737859872,-0.944275087244505,-7.44673314257303,-0.931594963178578
-9.45385857988322,-0.517926211923085,-2.30442513313669,-7.48072661523512,-1.00747443724179
-7.82729946868131,0.313019358614492,-0.41108821178661,-7.1111956674613,-0.176528866704214
-8.35169453828533,-1.62809632013824,-2.63820343154786,-7.98364955980136,-2.11764454545694
-7.72857763530523,0.392675964590126,-0.284435019936633,-7.0760903970119,-0.09687226072858
-9.61701960419072,0.422286536757315,-1.49496580195312,-7.06305524512118,-0.0672616885613904
-7.97775535283683,0.877727616881344,0.0777808864914891,-6.86355203572592,0.388179391562638
-7.84102668147801,-0.91033129954561,-1.6411475115548,-7.65730700449452,-1.39987952486432
-7.36884334217889,-3.23932078487539,-3.76362256065315,-8.73143182192656,-3.7288690101941
-7.19679231386373,0.465695959962826,0.00448558233019851,-7.04395966162414,-0.0238522653558794
-9.27661808705587,-1.61608664872922,-3.26443246779544,-7.978154074569,-2.10563487404792
-7.42849800391584,-0.312929427821989,-0.860592597151443,-7.38900347695294,-0.802477653140695
-8.24394146244119,0.399424816351428,-0.547013871088993,-7.07311872186685,-0.0901234089672777
-7.40058879192588,-1.80048452259855,-2.33712163385873,-8.06266283373815,-2.29003274791726
-8.52077780713977,-1.8361760441499,-2.95107197173098,-8.07905205164473,-2.3257242694686
-9.23290390458842,-0.772332745211517,-2.38727565524405,-7.5950589288782,-1.26188097053022
-7.33330444252301,-2.8504136889651,-3.36116494973125,-8.5490595468671,-3.3399619142838
-9.00703910977694,-0.637006917484166,-2.08395869409895,-7.53417358817879,-1.12655514280287
-8.99674811810033,-1.4165965579585,-2.85608692048302,-7.88704314247874,-1.90614478327721
-11.3129347956033,-0.834404809217756,-4.24272742961135,-7.62303833041209,-1.32395303453646
-6.96979724641792,0.16374600060797,-0.223620348986522,-7.17713335527134,-0.325802224710735
-5.39468029233535,0.871375454244427,0.768988877443946,-6.86632264900188,0.381827228925722
-9.52396979971203,-0.653189410568037,-2.49547505373144,-7.54144615487741,-1.14273763588674
-10.0576911869193,-0.477555651920295,-2.76246349358258,-7.46263472026253,-0.967103877239001
-9.71925950014017,-0.842644286913335,-2.84342068721572,-7.62675475482607,-1.33219251223204
-8.60994683481892,2.48416867114492,1.31168907928484,-6.17516517214418,1.99462044582622
-6.11295518963595,0.0869378622333893,-0.104773535215341,-7.21113861387568,-0.402610363085317
-6.95193204676776,-0.843219195747991,-1.22520988303734,-7.62701427396066,-1.3327674210667
-9.09497860091757,-0.72414528883813,-2.23555821056106,-7.57336070452317,-1.21369351415684
-8.58165671356614,1.61247880389869,0.458437966698835,-6.54569062059018,1.12293057857999
-10.7561803985342,1.6628949535761,-1.23693880096904,-6.52406391915265,1.17334672825739
-7.71539847780652,0.434437124483303,-0.236565880201968,-7.05770852246875,-0.0551111008354027
-8.25309724852797,-0.0283192030167513,-0.980071608386999,-7.26226223246307,-0.517867428335457
-8.9275679240412,0.101832287030243,-1.28795752057807,-7.20453979358133,-0.387715938288462
-8.68042210947274,-1.83407549934427,-3.0531619464255,-8.07808720852466,-2.32362372466298
-6.47042943698761,2.37423672422712,2.11521299168858,-6.22149203189058,1.88468849890842
-8.99819823542854,-1.4528116741306,-2.89335238431376,-7.90355888370176,-1.94235989944931
-9.59258271994316,-2.06635432770111,-3.96381939325614,-8.18499682345829,-2.55590255301981
-10.212181843985,1.0738846641403,-1.34412504580367,-6.77820581936805,0.584336438821593
-9.48182785295144,0.198839382321485,-1.60984023207791,-7.16161395904674,-0.29070884299722
-8.48169411042713,-1.79285506955715,-2.88301013152889,-8.05916067653061,-2.28240329487585
-8.14220430337816,0.566938719037652,-0.321674696103062,-6.99948893427883,0.0773904937189466
-7.55174460128138,-1.42630937535427,-2.02471218577203,-7.89147160939592,-1.91585760067298
-7.22422370240313,-0.156681639430955,-0.627530656478296,-7.31933666767123,-0.646229864749661
-5.605928201285,1.14005630816839,1.01662372531626,-6.74949521404288,0.650508082849681
-9.2848639409588,-2.01524101273692,-3.66991840358836,-8.1614337282789,-2.50478923805563
-6.26191661815798,-0.286343901093212,-0.503910215509095,-7.3771353224847,-0.775892126411917
-9.72065692943411,3.33897261110513,1.33704679690664,-5.81899060073972,2.84942438578643
-8.70670009632825,0.543018675461538,-0.693687816865567,-7.00998749208248,0.0534704501428325
-6.16223348522741,-0.167998314114439,-0.367936218157836,-7.32437598371666,-0.657546539433145
-7.79776980244465,-1.07087409211515,-1.78069412492751,-7.72992672630561,-1.56042231743385
-7.07408208972004,0.125673308175001,-0.294326151042394,-7.19398247107565,-0.363874917143704
-5.71526131116584,-0.0236371979197889,-0.159511740266278,-7.26018426128245,-0.513185423238495
-9.4592931929979,-0.0246759364217357,-1.81547689111666,-7.26064444851779,-0.514224161740441
-7.15182673845952,0.336428135406067,-0.109321746145896,-7.10087345117754,-0.153120089912638
-10.8227390223567,-1.16967899015712,-4.12961505590199,-7.77472768099484,-1.65922721547582
-7.44338266986383,1.54551889815713,0.991905633069926,-6.57445090066779,1.05597067283843
-9.70452892296186,-0.68641501704285,-2.67508584567948,-7.55638504083178,-1.17596324236156
-8.58123916969022,-0.403347320841794,-1.55711727694664,-7.42941508352319,-0.8928955461605
-10.9430140869298,1.576252857987,-1.49281151109915,-6.56124507247218,1.0867046326683
-8.48678481834083,-1.24126707770568,-2.33462720558725,-7.80723869433129,-1.73081530302438
-6.60790652941784,2.42535596475315,2.13531773297713,-6.19993510131658,1.93580773943444
-9.56481820602304,-0.122787550603218,-1.99785589739732,-7.30425217054061,-0.612335775921924
-7.67727492899081,-0.558486247005838,-1.21204053229596,-7.49891751797235,-1.04803447232454
-8.08623190883904,-0.526278897761338,-1.38404225537639,-7.48447155733528,-1.01582712308004
-8.98030649721344,-1.1066467897995,-2.53425253220977,-7.7461376227109,-1.59619501511821
-6.22885872290428,-3.19112922078882,-3.40270024119827,-8.70877224580314,-3.68067744610752
-9.91851453075399,-2.32338956697612,-4.49012530620381,-8.3038076814399,-2.81293779229482
-7.95340407944189,-0.524545728285477,-1.31187374127974,-7.48369443446692,-1.01409395360418
-10.2825535225745,0.102149265092244,-2.37710351575943,-7.20439943301925,-0.387398960226462
-8.31313657165098,-1.62554347139434,-2.61258466467901,-7.98248130432919,-2.11509169671305
-11.4811418212765,-0.474893839911201,-4.03898979192817,-7.46144235337758,-0.964442065229907
-7.57863564780437,0.966276232562225,0.356355367479975,-6.82498178456754,0.476728007243519
-8.87643455374474,-2.89423164848866,-4.24780988459331,-8.56954841514745,-3.38377987380737
-7.4851374662085,2.74196265765508,2.17139807689406,-6.06698918654395,2.25241443233638
-9.96668863482913,-2.51598532043428,-4.72342725729567,-8.3931780336369,-3.00553354575299
-7.51521421602054,-0.304241356729315,-0.887254727487868,-7.38512411665033,-0.793789582048021
-9.98718493854355,-3.03953091553768,-5.26435634072328,-8.63759668536892,-3.52907914085639
-8.32709901479727,0.334876287467249,-0.660481140158795,-7.10155753555931,-0.154671937851457
-10.3612923537077,-0.0991264472081648,-2.64732591194566,-7.29372782792486,-0.588674672526871
-7.76103363887658,-0.5080732767326,-1.20039291882299,-7.47630974905402,-0.997621502051306
-8.30722383159527,0.779215443433089,-0.204316320723378,-6.90654603049602,0.289667218114384
-8.96533471632025,-1.20117493916463,-2.61799767886583,-7.78902596133181,-1.69072316448334
-8.70081767463897,0.217653326819868,-1.01509755404559,-7.15329834559274,-0.271894898498838
-9.09553803558989,-1.32620442731516,-2.83803140330197,-7.8458676154885,-1.81575265263386
-7.49296477667582,1.27992839694223,0.706143311450247,-6.68893778086632,0.790380171623521
-6.43286461119679,0.667941600747053,0.416868230699329,-6.9552156444238,0.178393375428348
-9.05999846725557,-1.00557928034175,-2.49120244687458,-7.70036517182392,-1.49512750566045
-6.58768126348034,2.9695529842862,2.68427151684826,-5.97203003458303,2.48000475896749
-10.6026257347852,-2.63036726260123,-5.39240043238444,-8.44639390287069,-3.11991548791993
-8.5315334858793,1.38403412098471,0.26227597051786,-6.64398329384858,0.894485895666008
-8.97187820981957,0.587373124488838,-0.834157692169022,-6.99052433849463,0.0978248991701327
-8.63162029331386,-0.720390548239579,-1.90710175433519,-7.57167080835672,-1.20993877355829
-7.2642725159578,0.0505541333232481,-0.434651057923096,-7.22726403146259,-0.438994091995458
-7.94118668697592,0.949821234723439,0.168774354807971,-6.83214388758898,0.460273009404733
-5.54590249283719,4.08963273865388,3.97256511472624,-5.51227454279447,3.60008451333517
-8.37636161033671,-1.39978929263659,-2.42481635486283,-7.87938194230024,-1.88933751795529
-7.4158894998683,0.504391450495576,-0.0382693428283616,-7.02695187505525,0.0148432251768705
-6.93679119648997,0.832295527903488,0.454812502709754,-6.88336926535152,0.342747302584782
-7.75961312065962,-0.582183403587587,-1.27383244462721,-7.50955206285263,-1.07173162890629
-8.37208358016065,0.0723894654626439,-0.950040833201286,-7.21758470068525,-0.417158759856062
-7.03345499244457,1.06786083141422,0.660831311453378,-6.78082149699127,0.578312606095509
-9.77366080821494,0.37174026282782,-1.67394453320752,-7.0853114954862,-0.117807962490886
-8.40549613645852,0.626874547935007,-0.415937876935492,-6.97320559110445,0.137326322616301
-6.58806786800916,0.654994846102081,0.369622984406574,-6.96088551386292,0.165446620783375
-7.7545421279576,0.00509643103595226,-0.684162350133558,-7.24742814251899,-0.484451794282754
-7.97346816526959,-0.960781905881895,-1.758497497182,-7.68010436215351,-1.4503301312006
-8.23858690885913,0.0469891617803171,-0.89635029209142,-7.22884467312835,-0.442559063538389
-11.8087845016228,-0.0484330452922654,-3.91808295085313,-7.27119609771708,-0.537981270610971
-9.32429588397112,1.74186784063348,0.0567803943676489,-6.49023528690786,1.25231961531478
-7.38629525504364,1.87077419927399,1.339718479886,-6.43514366172365,1.38122597395529
-8.61619032344058,-1.5847596121503,-2.76132973340285,-7.96382471393152,-2.074307837469
-7.98773587811178,-1.56974262849296,-2.37489963062203,-7.95695864081129,-2.05929085381166
-9.88227875785168,-0.161411347796733,-2.29767212840147,-7.32144237985408,-0.650959573115439
-9.08880068564991,-1.49201535339738,-2.99885943492318,-7.92144976527283,-1.98156357871608
-8.14335335573383,0.820966158696182,-0.0682877668932748,-6.88831387376594,0.331417933377476
-8.16491556196713,-0.290498174724922,-1.1918251942445,-7.37898889490168,-0.780046400043628
-8.75138597138997,-0.75667147914702,-2.02363772735331,-7.58800467353175,-1.24621970446573
-8.67488877662794,-1.12270829226492,-2.33810106710413,-7.7534196013519,-1.61225651758362
-8.9659675462313,-1.13345905739171,-2.55073681308815,-7.75829501168903,-1.62300728271041
-7.6913013274173,0.420997071633856,-0.238938929189915,-7.06362269006085,-0.0685511536848493
-8.13103609742037,-0.806240032588691,-1.6886430257498,-7.61033877308506,-1.2957882579074
-7.64291996716824,-0.957053087085065,-1.59516306155435,-7.67841869061844,-1.44660131240377
-6.28150230315523,-1.20743470769655,-1.42862537175264,-7.7918696590383,-1.69698293301525
-6.69222152866495,0.946531120943325,0.635915834488666,-6.83357639093709,0.45698289562462
-7.38929028032636,-1.29205315614081,-1.82427481933559,-7.83032871265029,-1.78160138145952
-9.01346931673941,-0.464331100901833,-1.91595391176888,-7.45671120732923,-0.953879326220539
-7.01681269315328,-0.25508946240112,-0.656901227010766,-7.36318951765413,-0.744637687719825
-10.1860845630409,0.251867504089103,-2.14352488394375,-7.13818407254198,-0.237680721229602
-8.78539772347216,-0.262733543923806,-1.55297818599835,-7.36659929322165,-0.752281769242511
-9.25259113120702,-0.43798726146985,-2.06793941738814,-7.44491587966192,-0.927535486788556
-7.86483099767295,0.240369222943512,-0.502180762581722,-7.14326229260447,-0.249179002375194
-5.97796875369091,1.05372761263848,0.882990455615957,-6.78696024297747,0.564179387319776
-8.07875388768119,-0.766447917644021,-1.62014188225694,-7.59240798474686,-1.25599614296273
-6.9352216966569,0.504026402576268,0.127008083033996,-7.02711235476922,0.0144781772575623
-6.84362631803058,-1.11340805262805,-1.46411779854633,-7.7492030940075,-1.60295627794675
-7.84458066494784,0.91030925435047,0.177749360321205,-6.84935172847505,0.420761029031764
-8.30129345332839,-1.44668996801266,-2.42670949097924,-7.900766336722,-1.93623819333137
-9.59727485882461,0.602467016999362,-1.29879189649081,-6.98390504252121,0.112918791680656
-8.78067917804011,1.32496734782997,0.0379648804101592,-6.66947694616632,0.835419122511263
-7.17448518676299,-0.021504433509016,-0.474992556285334,-7.25923625646292,-0.511052658827722
-5.51094791804382,1.95828416761341,1.844778156469,-6.39783424096241,1.4687359422947
-7.12985066215601,-0.878144177702835,-1.31649008305886,-7.64277381543915,-1.36769240302154
-8.13057285414354,-0.472484515689125,-1.35463048058082,-7.46036305467962,-0.962032741007831
-7.43476790393947,0.989339513474356,0.439175916815378,-6.8149475602873,0.49979128815565
-8.53904401176521,-3.07894041928177,-4.20550434465909,-8.65608164042529,-3.56848864460047
-6.85977696150241,-0.417177640930622,-0.772411349156876,-7.4356028860822,-0.906725866249328
-6.70173249082853,2.94931313582392,2.63629981834739,-5.98045408980535,2.45976491050521
-7.94558126811197,-0.529721078313281,-1.31302346947841,-7.48601505437849,-1.01926930363199
-8.95848250331988,-0.719067727752097,-2.13096785283861,-7.57107548785682,-1.2086159530708
-6.28079798753184,1.35580659153758,1.13474743207299,-6.65616275845321,0.866258366218875
-7.32435469130591,-3.53676736133723,-4.04414920187579,-8.87170088181841,-4.02631558665594
-7.64712502327443,0.441313123024373,-0.198672954226281,-7.05468343156841,-0.0482351022943329
-7.89150065522738,-0.208722572057856,-0.964570126757424,-7.34251673957583,-0.698270797376562
-5.68503456873978,2.51274573947902,2.38042439539928,-6.16314206300728,2.02319751416031
-8.21211932058162,0.430711117482672,-0.4973994373615,-7.05934795285741,-0.0588371078360342
-7.6727156160527,0.425240856535042,-0.226248491949539,-7.06175507972582,-0.0643073687836641
-10.023077634623,-1.79864282060354,-4.05400017288922,-8.06181734009206,-2.28819104592225
-4.47902077520954,1.58529586678487,1.54041364758321,-6.55736211860078,1.09574764146617
-9.03003938048001,-0.717312290427597,-2.18100313790626,-7.57028548686197,-1.2068605157463
-8.21370679477906,-1.31997842726108,-2.2489981980802,-7.84303402502273,-1.80952665257979
-6.51038379116861,2.57031815905824,2.30259547948756,-6.1389428443712,2.08076993373953
-8.46363866506566,1.53667773729344,0.457848106024374,-6.57825145938875,1.04712951197473
-7.07584159966587,-1.30541101926725,-1.72597977182239,-7.83640555815671,-1.79495924458596
-8.59192066335242,-2.1950418392977,-3.35575457168794,-8.24441453627219,-2.6845900646164
-7.81019851019008,1.19332019429026,0.477510695394862,-6.72641294821874,0.703771968971555
-9.09918750319137,0.185777494733518,-1.32875151568881,-7.16738902009298,-0.303770730585188
-9.5081010149138,-2.25332599481668,-4.08293127063318,-8.2713693071218,-2.74287422013539
-7.67612089020603,2.25894299624805,1.60591193528907,-6.27020378741323,1.76939477092935
-8.53781391200544,1.52243231285389,0.396656440856875,-6.5843766766632,1.03288408753519
-9.04242033934373,0.224451136904754,-1.24828589995767,-7.15029455874808,-0.265097088413952
-6.54812358085761,1.23054444809887,0.954370497099943,-6.71029781982304,0.740996222780165
-8.97196976211745,-0.302693089972428,-1.72428987250162,-7.38443285140221,-0.792241315291134
-8.79622142500712,0.460849251371928,-0.836847563904019,-7.04609083480196,-0.0286989739467775
-8.66654746768704,-0.553568567560583,-1.76340426491387,-7.49671120857591,-1.04311679287929
-9.30255740103121,0.535092927048842,-1.13320270274222,-7.01346726755445,0.0455447017301367
-7.79984381610084,-3.46877312099541,-4.17959036951035,-8.83957657755647,-3.95832134631412
-7.81929626739557,3.66747250195464,2.94725672160561,-5.68405747448127,3.17792427663594
-9.04557658240887,-0.489343380659769,-1.96439054802275,-7.46791587018198,-0.978891605978475
-8.61107781383103,-2.46641223246791,-3.63963243681216,-8.37014642163052,-2.95596045778662
-8.10315141853814,-1.56933723655336,-2.43635345803829,-7.95677330775793,-2.05888546187206
-10.1636486676646,-1.92078347108131,-4.29677389910585,-8.11794466607582,-2.41033169640002
-7.11126576287594,-0.238586099621489,-0.670747717937406,-7.35582933340786,-0.728134324940194
-9.06116715115745,0.322225015061512,-1.1642565801987,-7.10713580623388,-0.167323210257194
-7.91825400952446,-0.565224054126385,-1.33457138790686,-7.50194073439152,-1.05477227944509
-7.25202843222255,1.680810785474,1.20003072971185,-6.51638432811694,1.19126256015529
-9.38846264124634,1.02407410448988,-0.710957954615118,-6.79984465079766,0.534525879171178
-6.31474838249219,0.0861581129008712,-0.141308816021195,-7.21148392144305,-0.403390112417835
-7.28640431688276,-1.17083006251401,-1.6641145819078,-7.77525014660255,-1.66037828783271
-9.05074351058967,1.19033759833977,-0.288494701140793,-6.72770478115754,0.700789373021061
-8.70626728114491,-1.02968641097671,-2.26610170815655,-7.71127524440211,-1.51923463629542
-11.410876061114,2.04742681006554,-1.45149678603174,-6.35990247036886,1.55787858474683
-9.93591447302158,-2.16249557200769,-4.3439090859833,-8.22937469008014,-2.6520437973264
-8.63617664620913,-0.934198111495662,-2.12391271250698,-7.66808913404905,-1.42374633681437
-8.02241726819535,-2.69757623871549,-3.52101075465624,-8.4777107861653,-3.1871244640342
-7.62950425862552,-1.26649856633579,-1.89864935568958,-7.81870756450837,-1.7560467916545
-5.93070191956013,0.160947056475115,-0.00296034686395135,-7.17837228989331,-0.328601168843591
-7.19491175000187,-1.47484972259443,-1.93540520549391,-7.91361469279111,-1.96439794791314
-8.37200161057165,2.01832547314946,0.995944978356896,-6.37227701949996,1.52877724783075
-6.54810078610416,-0.277263249656579,-0.55343212979876,-7.37308253918036,-0.766811474975285
-7.81910508615244,-1.16399838958859,-1.88412159165453,-7.77214968751873,-1.6535466149073
-9.11727355693314,1.707114244065,0.179163432362719,-6.50511499695618,1.21756601874629
-8.44380997260461,0.366704608466024,-0.699763997765724,-7.08752997017153,-0.122843616852681
-9.27044929436812,-0.7146036960602,-2.35821911816315,-7.56906659100129,-1.20415192137891
-5.66947272392125,0.924896361011528,0.79436990291568,-6.84299803360155,0.435348135692822
-7.96010679536245,-0.635478495925192,-1.4262666259675,-7.53348680509671,-1.1250267212439
-8.72810502264742,-0.901036584428661,-2.15219149352847,-7.65310929656172,-1.39058480974737
-9.78527052241794,0.707934511616001,-1.34737445145547,-6.93771027673616,0.218386286297295
-7.19389928705612,-0.45092215414609,-0.911125226745482,-7.45070674129602,-0.940470379464796
-8.00392686516772,-1.46203996604372,-2.27569644148387,-7.90776913732401,-1.95158819136243
-6.3382058658365,0.77700810796123,0.545017193259049,-6.90751075082868,0.287459882642524
-9.70783312999807,0.398414281940553,-1.59296983219584,-7.07356370381036,-0.0911339433781528
-7.86467837237696,-0.253619122636219,-0.996093491574836,-7.36253354694397,-0.743167347954925
-5.86942653492747,-1.1323328363244,-1.28776300616042,-7.75778575520483,-1.6218810616431
-7.42039160478365,0.727405919081672,0.182962947623017,-6.92919273265902,0.237857693762966
-5.5450265345244,1.83981636654862,1.72283921016711,-6.44836061106489,1.35026814122992
-10.231815345632,-1.49673086200323,-3.9317903481471,-7.92360260197017,-1.98627908732193
-7.31864392585016,-0.531082359335327,-1.03632291098949,-7.4866255533356,-1.02063058465403
-6.03704140361396,1.18268040792285,1.00303853554781,-6.7310220136463,0.693132182604143
-8.41414963870324,-0.58122397133382,-1.62935295589267,-7.509121396165,-1.07077219665253
-7.76285274470655,1.52701623641932,0.83383725074169,-6.5824054639655,1.03746801110061
-8.28107109577146,-1.51258518865798,-2.48068396206546,-7.93084202074263,-2.00213341397669
-8.7523972279166,1.02234586203395,-0.2453093722514,-6.8005958232372,0.532797636715247
-7.77964395355225,0.200627203688265,-0.500520008248556,-7.16082358764122,-0.28892102163044
-8.47772475882314,-0.782973099612242,-1.87063266593988,-7.5998527918672,-1.27252132493095
-10.8833608634971,0.341586662718597,-2.67327206290354,-7.09859941737588,-0.147961562600109
-9.01593064363627,-0.182543814322151,-1.63595636752417,-7.33085323346337,-0.672092039640857
-5.64071387591199,0.712868255572602,0.585598699129768,-6.93555256538735,0.223320030253897
-8.90535591396697,-0.75969658869215,-2.13370085766046,-7.58936710322664,-1.24924481401086
-7.07587784947661,1.07310252984065,0.652522188245461,-6.77854540640704,0.583554304521945
-10.1272041527739,-1.55627073971915,-3.90082955736244,-7.9508006116697,-2.04581896503786
-7.77872022402665,-1.85187303712856,-2.55258035067971,-8.08626332735256,-2.34142126244727
-8.19451202159799,-2.54599391740611,-3.46405760788336,-8.40712943139628,-3.03554214272482
-6.48555644740114,-0.330511039773519,-0.592798719041505,-7.39685633306591,-0.820059265092225
-7.46443482276087,0.181042558490874,-0.381069437683196,-7.16948285439477,-0.308505666827831
-5.67891309355332,0.239178308093314,0.107565669396108,-7.14378934122336,-0.250369917225392
