-7.1253,-7.0249,0.75254,0.060553,0.26299,-6.1232,-6.9739,0.75297,0.32829,0.38021,0.74568,1.9048
-9.9525,-7.447,-0.1873,-2.9863,-0.67685,-6.0632,-6.9205,0.44464,-0.20585,0.078281,0.50579,1.7551
-6.9535,-6.9679,0.88069,0.26822,0.39115,-6.1316,-6.9772,0.79453,0.40176,0.41671,0.78594,1.9463
-6.402,-6.7574,1.3574,0.95464,0.86785,-6.1629,-6.9881,0.94808,0.67642,0.56902,0.92299,2.0963
-6.8166,-6.9195,0.98991,0.43588,0.50036,-6.1387,-6.9799,0.82985,0.4645,0.45203,0.81867,1.978
-7.245,-7.062,0.66922,-0.082213,0.17967,-6.1178,-6.9715,0.72589,0.28061,0.35312,0.7186,1.8777
-7.2669,-7.0685,0.6545,-0.10817,0.16495,-6.1169,-6.9711,0.7211,0.27219,0.34833,0.71381,1.8729
-8.4074,-7.3176,0.098998,-1.3939,-0.39055,-6.0813,-6.9492,0.53922,-0.043999,0.16938,0.57034,1.7548
-7.8298,-7.2133,0.33077,-0.75855,-0.15878,-6.096,-6.9602,0.61537,0.087578,0.24281,0.62656,1.8232
-9.0328,-7.3901,-0.061752,-2.0529,-0.5513,-6.0711,-6.9375,0.48619,-0.13497,0.11678,0.52853,1.7018
-6.8066,-6.9159,0.9981,0.44815,0.50855,-6.1392,-6.9801,0.8325,0.46921,0.45468,0.82132,1.9807
-9.3617,-7.4158,-0.1185,-2.3905,-0.60805,-6.0676,-6.9314,0.46742,-0.16703,0.099349,0.51657,1.7779
-5.7843,-6.4789,1.9952,1.7537,1.5057,-6.2057,-7.0005,1.1509,1.0474,0.77075,1.1225,2.2897
-9.4782,-7.4233,-0.13506,-2.509,-0.62461,-6.0665,-6.9292,0.46194,-0.17638,0.095184,0.51379,1.7724
-7.7587,-7.1975,0.36599,-0.67821,-0.12356,-6.0983,-6.9616,0.62691,0.10762,0.25435,0.6381,1.8348
-8.3897,-7.315,0.10479,-1.3749,-0.38475,-6.0817,-6.9496,0.54113,-0.040715,0.17129,0.57225,1.7567
-5.1137,-6.1418,2.7792,2.6454,2.2896,-6.2597,-7.0143,1.3961,1.5088,1.0093,1.3518,2.4914
-6.1519,-6.6493,1.6038,1.2749,1.1143,-6.1793,-6.9931,1.0268,0.81927,0.64711,1.0016,2.1656
-9.9431,-7.4466,-0.18647,-2.977,-0.67601,-6.0633,-6.9206,0.44492,-0.20538,0.078556,0.50607,1.7554
-11.309,-7.4779,-0.2555,-4.326,-0.74504,-6.059,-6.8958,0.42203,-0.2443,0.060082,0.51872,1.7404
-7.7086,-7.186,0.3918,-0.62121,-0.097753,-6.0999,-6.9626,0.63536,0.1223,0.2628,0.64655,1.8432
-9.0592,-7.3925,-0.066917,-2.0802,-0.55647,-6.0708,-6.937,0.48448,-0.13789,0.11507,0.53189,1.7001
-10.905,-7.4723,-0.24328,-3.9299,-0.73283,-6.0597,-6.9031,0.42608,-0.23741,0.063446,0.50946,1.7445
-10.893,-7.4721,-0.24283,-3.9178,-0.73238,-6.0598,-6.9033,0.42623,-0.23716,0.063595,0.50961,1.7446
-5.2571,-6.216,2.6054,2.4533,2.1159,-6.2476,-7.0113,1.3421,1.406,0.95603,1.2985,2.4773
-6.4937,-6.7951,1.2716,0.83859,0.78202,-6.1572,-6.9863,0.92056,0.62682,0.5415,0.89678,2.0687
-7.4875,-7.1307,0.51518,-0.36699,0.025634,-6.1079,-6.9668,0.67569,0.19262,0.30292,0.67793,1.8275
-10.3,-7.4589,-0.21358,-3.3321,-0.70312,-6.0616,-6.9141,0.43593,-0.22067,0.071797,0.50083,1.7464
-6.0009,-6.5808,1.7607,1.4705,1.2711,-6.1899,-6.9961,1.0767,0.91049,0.69698,1.0489,2.2155
-7.6816,-7.1796,0.40599,-0.59048,-0.083556,-6.1009,-6.9631,0.64,0.13039,0.26744,0.64618,1.8479
-10.093,-7.4522,-0.19894,-3.1265,-0.68849,-6.0625,-6.9179,0.44078,-0.21242,0.074421,0.50341,1.7512
-8.235,-7.2907,0.15868,-1.2073,-0.33087,-6.0851,-6.9525,0.55887,-0.010164,0.18638,0.58912,1.7667
-8.8256,-7.3699,-0.017084,-1.8374,-0.50663,-6.0739,-6.9414,0.50094,-0.10971,0.13153,0.54015,1.7165
-7.6355,-7.1685,0.43079,-0.5378,-0.058755,-6.1024,-6.964,0.64812,0.14451,0.27555,0.65429,1.856
-9.3433,-7.4145,-0.11573,-2.3718,-0.60528,-6.0677,-6.9317,0.46834,-0.16546,0.10026,0.51749,1.7788
-9.56,-7.4281,-0.14571,-2.5918,-0.63525,-6.0658,-6.9277,0.45842,-0.18238,0.091661,0.51195,1.7689
-7.373,-7.0994,0.58544,-0.23331,0.095892,-6.1124,-6.969,0.69861,0.23273,0.32584,0.69187,1.8504
-10.931,-7.4728,-0.24421,-3.9552,-0.73376,-6.0597,-6.9026,0.42578,-0.23794,0.063138,0.50915,1.7441
-9.0394,-7.3907,-0.063039,-2.0597,-0.55259,-6.071,-6.9374,0.48576,-0.1357,0.11636,0.52811,1.7013
-7.1461,-7.0315,0.73774,0.03569,0.24819,-6.1223,-6.9734,0.74816,0.31982,0.3754,0.74087,1.9
-9.0588,-7.3924,-0.066825,-2.0797,-0.55637,-6.0708,-6.937,0.48451,-0.13783,0.1151,0.53192,1.7001
-7.3035,-7.0794,0.63022,-0.15152,0.14067,-6.1153,-6.9704,0.71319,0.25831,0.34043,0.70646,1.865
-7.8944,-7.2271,0.30012,-0.83111,-0.18942,-6.0941,-6.959,0.60532,0.070152,0.23276,0.6206,1.8132
-9.0722,-7.3936,-0.069415,-2.0937,-0.55896,-6.0706,-6.9367,0.48365,-0.1393,0.11558,0.53107,1.6992
-6.5043,-6.7994,1.2618,0.82521,0.77226,-6.1566,-6.9861,0.91742,0.62117,0.53836,0.89365,2.0656
-7.5992,-7.1595,0.45087,-0.49602,-0.038677,-6.1037,-6.9647,0.65468,0.15595,0.28212,0.66085,1.8625
-6.3054,-6.7165,1.4505,1.0777,0.96093,-6.1691,-6.99,0.97787,0.73031,0.59816,0.95278,2.126
-7.068,-7.0063,0.79423,0.12956,0.30468,-6.1259,-6.975,0.7665,0.35218,0.38868,0.75809,1.9183
-9.5561,-7.4279,-0.14522,-2.5878,-0.63476,-6.0659,-6.9278,0.45858,-0.18211,0.091824,0.51212,1.769
-5.8265,-6.499,1.9488,1.6984,1.4592,-6.2026,-6.9997,1.1363,1.0202,0.75607,1.1078,2.275
-7.2678,-7.0688,0.65385,-0.10932,0.1643,-6.1168,-6.9711,0.72089,0.27182,0.34812,0.71415,1.8727
-8.0897,-7.2653,0.21501,-1.0481,-0.27454,-6.0887,-6.9553,0.57738,0.0218,0.2049,0.60417,1.7852
-5.8347,-6.5029,1.9398,1.6876,1.4502,-6.202,-6.9995,1.1334,1.0149,0.75323,1.105,2.2722
-8.5309,-7.3348,0.060745,-1.5261,-0.4288,-6.0789,-6.9469,0.52662,-0.065668,0.15678,0.55858,1.7422
-5.0385,-6.1026,2.8713,2.7463,2.3817,-6.2661,-7.0159,1.4245,1.5634,1.0378,1.38,2.5198
-8.4402,-7.3223,0.088498,-1.4291,-0.40105,-6.0806,-6.9486,0.53576,-0.049949,0.16592,0.56688,1.7513
-8.7867,-7.3658,-0.0078103,-1.7965,-0.49736,-6.0745,-6.9421,0.504,-0.10447,0.1346,0.54321,1.7196
-6.1519,-6.6493,1.6038,1.2748,1.1142,-6.1793,-6.9931,1.0268,0.81925,0.64709,1.0016,2.1656
-7.3817,-7.1018,0.57995,-0.24351,0.0904,-6.112,-6.9689,0.69682,0.22959,0.32405,0.69008,1.8486
-9.0449,-7.3912,-0.064126,-2.0654,-0.55367,-6.071,-6.9373,0.4854,-0.13631,0.116,0.52775,1.701
-7.7065,-7.1855,0.39286,-0.6189,-0.096693,-6.1,-6.9626,0.6357,0.12291,0.26314,0.6469,1.8436
-5.268,-6.2216,2.5923,2.4387,2.1028,-6.2467,-7.0111,1.3381,1.3982,0.95197,1.2944,2.4732
-8.1961,-7.2842,0.17318,-1.1649,-0.31636,-6.086,-6.9532,0.56364,-0.0019372,0.19115,0.59389,1.7715
-8.5678,-7.3397,0.049996,-1.5654,-0.43955,-6.0782,-6.9462,0.52307,-0.071755,0.15323,0.55504,1.7387
-8.2312,-7.2901,0.16007,-1.2032,-0.32948,-6.0852,-6.9526,0.55932,-0.0093771,0.18683,0.58958,1.7672
-8.7983,-7.367,-0.0106,-1.8087,-0.50015,-6.0744,-6.9419,0.50308,-0.10605,0.13368,0.54229,1.7187
-8.7821,-7.3653,-0.0066954,-1.7917,-0.49624,-6.0746,-6.9422,0.50437,-0.10384,0.13496,0.54358,1.72
-10.138,-7.4538,-0.20237,-3.1713,-0.69192,-6.0623,-6.9171,0.43965,-0.21435,0.073285,0.50227,1.7501
-6.4957,-6.7959,1.2697,0.83599,0.78012,-6.1571,-6.9862,0.91995,0.62572,0.54089,0.89617,2.0681
-5.3714,-6.2744,2.4691,2.3007,1.9796,-6.2382,-7.009,1.2997,1.3255,0.91357,1.2567,2.4348
-9.3859,-7.4174,-0.12208,-2.4152,-0.61163,-6.0673,-6.9309,0.46624,-0.16905,0.098163,0.51808,1.7767
-7.6262,-7.1662,0.43589,-0.52711,-0.053655,-6.1028,-6.9641,0.64978,0.14742,0.27722,0.65596,1.8576
-6.2382,-6.6874,1.5169,1.1639,1.0273,-6.1735,-6.9914,0.99909,0.7688,0.61938,0.97387,2.1379
-9.8443,-7.4424,-0.17725,-2.878,-0.6668,-6.0639,-6.9224,0.44797,-0.20019,0.081608,0.50912,1.7584
-7.3469,-7.0919,0.60207,-0.20265,0.11252,-6.1135,-6.9695,0.70402,0.24223,0.33126,0.69729,1.8558
-9.5136,-7.4254,-0.13976,-2.5448,-0.6293,-6.0662,-6.9285,0.46039,-0.17903,0.093631,0.51223,1.7708
-8.7121,-7.3574,0.010759,-1.7182,-0.47879,-6.0757,-6.9435,0.51013,-0.093963,0.14072,0.54402,1.7257
-10.379,-7.4611,-0.2185,-3.4108,-0.70804,-6.0613,-6.9127,0.4343,-0.22344,0.070166,0.50223,1.7527
-8.819,-7.3692,-0.01552,-1.8304,-0.50507,-6.074,-6.9415,0.50146,-0.10883,0.13205,0.54067,1.717
-9.124,-7.398,-0.0791,-2.147,-0.56865,-6.07,-6.9358,0.48045,-0.14477,0.11238,0.52786,1.696
-7.1651,-7.0374,0.72433,0.012979,0.23478,-6.1214,-6.9731,0.74381,0.31214,0.37104,0.73652,1.8956
-7.2096,-7.0512,0.69333,-0.040192,0.20378,-6.1194,-6.9722,0.73373,0.2944,0.36096,0.72644,1.8855
-10.632,-7.4672,-0.23194,-3.6609,-0.72149,-6.0604,-6.9081,0.42985,-0.23102,0.067208,0.51128,1.7482
-7.5939,-7.1582,0.45379,-0.49,-0.035755,-6.1039,-6.9648,0.65564,0.15762,0.28307,0.66181,1.8635
-8.3856,-7.3144,0.10613,-1.3705,-0.38342,-6.0817,-6.9496,0.54157,-0.039957,0.17173,0.57269,1.7571
-5.5928,-6.3855,2.2111,2.0064,1.7215,-6.2204,-7.0044,1.2189,1.1738,0.83869,1.1845,2.354
-9.025,-7.3894,-0.060208,-2.0449,-0.54976,-6.0712,-6.9376,0.4867,-0.1341,0.11729,0.52904,1.7023
-7.9348,-7.2354,0.28159,-0.87632,-0.20796,-6.0929,-6.9582,0.59924,0.059615,0.22675,0.61452,1.8071
-8.7974,-7.3669,-0.01039,-1.8078,-0.49994,-6.0744,-6.9419,0.50315,-0.10593,0.13374,0.54236,1.7187
-7.7551,-7.1967,0.36781,-0.67414,-0.12174,-6.0984,-6.9617,0.6275,0.10865,0.25494,0.6387,1.8354
-6.4399,-6.7731,1.3216,0.90661,0.83209,-6.1606,-6.9874,0.93662,0.65575,0.55756,0.91285,2.0848
-10.744,-7.4695,-0.23692,-3.7706,-0.72646,-6.0601,-6.906,0.42819,-0.23383,0.065557,0.51001,1.7466
-8.4044,-7.3171,0.099979,-1.3907,-0.38957,-6.0813,-6.9493,0.53954,-0.043443,0.1697,0.57067,1.7551
-4.9648,-6.064,2.9622,2.8453,2.4727,-6.2725,-7.0174,1.4526,1.6174,1.0659,1.4081,2.5479
-8.4576,-7.3248,0.083024,-1.4478,-0.40652,-6.0803,-6.9483,0.53396,-0.05305,0.16412,0.56592,1.7495
-7.229,-7.0572,0.68004,-0.063275,0.19049,-6.1185,-6.9718,0.72941,0.2868,0.35664,0.72212,1.8812
-8.1614,-7.2782,0.18648,-1.1269,-0.30307,-6.0868,-6.9539,0.56801,0.0056046,0.19552,0.59826,1.7759
-10.447,-7.4629,-0.22238,-3.4774,-0.71193,-6.061,-6.9114,0.43301,-0.22564,0.068877,0.50094,1.7514
-7.4759,-7.1277,0.52207,-0.35356,0.032525,-6.1083,-6.967,0.67794,0.19655,0.30517,0.68018,1.8297
-10.752,-7.4696,-0.23729,-3.7793,-0.72683,-6.0601,-6.9059,0.42807,-0.23403,0.065435,0.50988,1.7464
-8.6942,-7.3553,0.015401,-1.6993,-0.47415,-6.076,-6.9438,0.51166,-0.091336,0.14226,0.54556,1.7272
-6.4217,-6.7655,1.3388,0.9297,0.84924,-6.1617,-6.9877,0.94212,0.66566,0.56306,0.91834,2.0903
-11.147,-7.4759,-0.25115,-4.1673,-0.7407,-6.0592,-6.8988,0.42347,-0.24185,0.061523,0.51989,1.7418
-9.0888,-7.395,-0.072568,-2.1108,-0.56212,-6.0704,-6.9364,0.48261,-0.14108,0.11454,0.53002,1.6982
-9.1416,-7.3994,-0.082299,-2.1651,-0.57185,-6.0698,-6.9355,0.4794,-0.14658,0.11132,0.52681,1.695
-5.8544,-6.5123,1.9183,1.6618,1.4287,-6.2005,-6.9991,1.1266,1.0024,0.74642,1.0982,2.2654
-9.4444,-7.4212,-0.13042,-2.4746,-0.61997,-6.0668,-6.9298,0.46348,-0.17376,0.095404,0.51532,1.7739
-9.0237,-7.3893,-0.05994,-2.0435,-0.54949,-6.0712,-6.9377,0.48679,-0.13394,0.11738,0.52913,1.7024
-6.7018,-6.8769,1.0863,0.57796,0.59673,-6.145,-6.9822,0.86095,0.51995,0.48189,0.84977,2.0091
-9.3533,-7.4152,-0.11724,-2.3819,-0.60679,-6.0676,-6.9315,0.46784,-0.16631,0.099766,0.51699,1.7783
-8.9271,-7.3803,-0.03992,-1.9433,-0.52947,-6.0725,-6.9395,0.4934,-0.12263,0.12399,0.53575,1.709
-8.892,-7.3768,-0.032231,-1.9067,-0.52178,-6.073,-6.9401,0.49594,-0.11828,0.12653,0.53515,1.7115
-9.1518,-7.4003,-0.084133,-2.1756,-0.57368,-6.0697,-6.9353,0.47879,-0.14761,0.11072,0.5262,1.6944
-7.0294,-6.9936,0.8229,0.17618,0.33335,-6.1278,-6.9757,0.7758,0.36861,0.39798,0.76739,1.9276
-6.0949,-6.6237,1.6623,1.3485,1.1728,-6.1833,-6.9943,1.0454,0.85327,0.66573,1.0185,2.1842
-6.98,-6.977,0.86028,0.236,0.37073,-6.1302,-6.9767,0.78792,0.39005,0.4101,0.77933,1.9397
-5.8478,-6.5092,1.9254,1.6704,1.4358,-6.201,-6.9992,1.1289,1.0065,0.74867,1.1004,2.2676
-7.5275,-7.1413,0.49165,-0.4134,0.0021018,-6.1064,-6.966,0.668,0.1792,0.29544,0.67025,1.8198
-9.4254,-7.42,-0.12777,-2.4554,-0.61731,-6.067,-6.9302,0.46436,-0.17226,0.096283,0.5162,1.7748
-8.2607,-7.2949,0.14928,-1.2353,-0.34027,-6.0845,-6.952,0.55577,-0.015494,0.18329,0.58603,1.7636
-8.6163,-7.3458,0.036299,-1.6169,-0.45325,-6.0773,-6.9453,0.51856,-0.079508,0.14872,0.55245,1.7341
-9.3455,-7.4147,-0.11606,-2.374,-0.60561,-6.0677,-6.9317,0.46823,-0.16565,0.10016,0.51738,1.7787
-6.8863,-6.9445,0.93354,0.3503,0.44399,-6.135,-6.9785,0.81163,0.4321,0.43381,0.80305,1.9598
-7.6302,-7.1672,0.43372,-0.53166,-0.05583,-6.1026,-6.9641,0.64907,0.14618,0.27651,0.65525,1.8569
-8.5704,-7.34,0.049245,-1.5682,-0.4403,-6.0781,-6.9462,0.52283,-0.072179,0.15299,0.55479,1.7384
-10.154,-7.4543,-0.20355,-3.1871,-0.69309,-6.0622,-6.9168,0.43926,-0.21501,0.072896,0.50188,1.7497
-8.3798,-7.3135,0.10805,-1.3642,-0.38149,-6.0819,-6.9498,0.5422,-0.038867,0.17236,0.57333,1.7501
-4.9002,-6.0299,3.0426,2.9323,2.553,-6.2781,-7.0188,1.4773,1.6652,1.0906,1.4325,2.5726
-9.2181,-7.4055,-0.095668,-2.2438,-0.58522,-6.069,-6.934,0.47498,-0.15413,0.1069,0.52413,1.6906
-6.5057,-6.8,1.2605,0.82337,0.77091,-6.1565,-6.986,0.91699,0.6204,0.53793,0.89322,2.0652
-9.7764,-7.4393,-0.17043,-2.8098,-0.65998,-6.0643,-6.9237,0.45023,-0.19634,0.083474,0.50809,1.7607
-7.6433,-7.1704,0.42658,-0.54665,-0.062964,-6.1022,-6.9638,0.64674,0.14212,0.27418,0.65291,1.8546
-10.423,-7.4622,-0.22103,-3.4537,-0.71057,-6.0611,-6.9119,0.43346,-0.22487,0.069327,0.50139,1.7518
-9.2058,-7.4045,-0.09358,-2.2311,-0.58313,-6.0691,-6.9343,0.47567,-0.15295,0.10759,0.52308,1.6912
-8.3779,-7.3132,0.1087,-1.3621,-0.38085,-6.0819,-6.9498,0.54242,-0.0385,0.17258,0.57354,1.7503
-6.6595,-6.8607,1.1228,0.63055,0.63325,-6.1474,-6.983,0.87272,0.54099,0.49366,0.85196,2.0209
-6.8992,-6.949,0.92327,0.33449,0.43372,-6.1343,-6.9783,0.80831,0.4262,0.43049,0.79972,1.9601
-4.9958,-6.0802,2.924,2.8037,2.4344,-6.2698,-7.0168,1.4408,1.5947,1.0541,1.3963,2.5361
-4.5766,-5.8579,3.4505,3.3686,2.9609,-6.307,-7.0257,1.6022,1.9088,1.2137,1.5539,2.6703
-5.559,-6.3687,2.2499,2.0512,1.7604,-6.2231,-7.0051,1.2311,1.1966,0.8509,1.1967,2.3662
-6.6396,-6.853,1.1402,0.65534,0.65062,-6.1486,-6.9834,0.87831,0.551,0.49926,0.85755,2.0265
-8.48,-7.3279,0.076068,-1.4718,-0.41348,-6.0798,-6.9479,0.53167,-0.05699,0.16183,0.56363,1.7472
-8.4677,-7.3262,0.079885,-1.4586,-0.40966,-6.0801,-6.9481,0.53292,-0.054828,0.16308,0.56489,1.7485
-6.8517,-6.9322,0.96133,0.39274,0.47178,-6.1368,-6.9792,0.82062,0.44807,0.4428,0.81203,1.9688
-6.5538,-6.8193,1.2166,0.76284,0.72708,-6.1536,-6.9851,0.90291,0.59509,0.52385,0.87913,2.0511
-10.006,-7.449,-0.1919,-3.0396,-0.68144,-6.0629,-6.9195,0.44312,-0.20844,0.076757,0.50574,1.7536
-8.3735,-7.3125,0.11014,-1.3574,-0.37941,-6.082,-6.9499,0.54289,-0.037684,0.17305,0.57401,1.7508
-7.5142,-7.1378,0.49945,-0.39793,0.0098971,-6.1069,-6.9663,0.67055,0.18365,0.29799,0.67279,1.8224
-7.4495,-7.1205,0.53803,-0.32275,0.048479,-6.1093,-6.9676,0.68314,0.20566,0.31038,0.68539,1.835
-8.8207,-7.3694,-0.015937,-1.8322,-0.50549,-6.074,-6.9414,0.50132,-0.10907,0.13191,0.54053,1.7169
-5.5511,-6.3648,2.2591,2.0617,1.7695,-6.2237,-7.0053,1.2339,1.202,0.85376,1.1995,2.3691
-8.4634,-7.3256,0.081207,-1.454,-0.40834,-6.0802,-6.9482,0.53336,-0.054079,0.16352,0.56533,1.7489
-8.9763,-7.385,-0.050303,-1.9943,-0.53985,-6.0718,-6.9385,0.48997,-0.1285,0.12056,0.53232,1.7055
-10.284,-7.4584,-0.21257,-3.3167,-0.70212,-6.0616,-6.9144,0.43627,-0.2201,0.07213,0.50116,1.7467
-7.172,-7.0396,0.71944,0.0046436,0.22989,-6.1211,-6.9729,0.74222,0.30934,0.36945,0.73493,1.894
-8.1141,-7.2698,0.20515,-1.0749,-0.2844,-6.088,-6.9548,0.57414,0.0162,0.20165,0.60093,1.782
-9.3205,-7.413,-0.11224,-2.3485,-0.60179,-6.0679,-6.9321,0.46949,-0.16349,0.10142,0.51865,1.7799
-10.661,-7.4678,-0.23327,-3.6891,-0.72282,-6.0604,-6.9075,0.4294,-0.23177,0.066767,0.51122,1.7478
-5.9361,-6.5507,1.8298,1.555,1.3403,-6.1945,-6.9975,1.0986,0.95077,0.71891,1.0709,2.2374
-5.4287,-6.3035,2.4015,2.2242,1.9119,-6.2335,-7.0078,1.2785,1.2857,0.89244,1.2356,2.4137
-7.4019,-7.1075,0.56726,-0.26724,0.077713,-6.1112,-6.9685,0.69268,0.22235,0.31991,0.68595,1.8445
-8.041,-7.2563,0.23521,-0.99428,-0.25434,-6.0899,-6.9562,0.58402,0.03327,0.21153,0.61081,1.7919
-8.8066,-7.3679,-0.012593,-1.8174,-0.50214,-6.0742,-6.9417,0.50242,-0.10717,0.13302,0.54163,1.718
-8.4425,-7.3226,0.087779,-1.4316,-0.40177,-6.0806,-6.9486,0.53553,-0.050356,0.16568,0.56665,1.7511
-7.2283,-7.0569,0.68052,-0.062436,0.19097,-6.1185,-6.9718,0.72956,0.28707,0.3568,0.72227,1.8814
-9.3069,-7.412,-0.11013,-2.3346,-0.59967,-6.0681,-6.9324,0.47019,-0.1623,0.10212,0.51934,1.7806
-8.3497,-7.3089,0.11813,-1.3318,-0.37142,-6.0825,-6.9503,0.54552,-0.033157,0.17568,0.57664,1.7534
-7.5567,-7.1488,0.47484,-0.44711,-0.014705,-6.1053,-6.9655,0.66251,0.16962,0.28995,0.66869,1.8143
-8.2956,-7.3005,0.13685,-1.2731,-0.3527,-6.0837,-6.9514,0.55168,-0.022544,0.18184,0.58194,1.7595
-10.093,-7.4522,-0.19892,-3.1261,-0.68846,-6.0625,-6.9179,0.44079,-0.2124,0.07443,0.50342,1.7512
-8.8989,-7.3775,-0.033763,-1.9139,-0.52331,-6.0729,-6.94,0.49543,-0.11915,0.12603,0.53464,1.711
-7.5192,-7.1391,0.4965,-0.40376,0.0069541,-6.1067,-6.9662,0.66959,0.18197,0.29703,0.67183,1.8214
-5.3662,-6.2718,2.4753,2.3076,1.9857,-6.2386,-7.0091,1.3016,1.3291,0.91549,1.2586,2.4367
-7.7214,-7.189,0.38513,-0.63579,-0.10442,-6.0995,-6.9623,0.63317,0.11851,0.26061,0.64437,1.841
-8.4075,-7.3176,0.098973,-1.394,-0.39058,-6.0813,-6.9492,0.53921,-0.044013,0.16937,0.57033,1.7548
-7.4613,-7.1237,0.53087,-0.33653,0.041322,-6.1089,-6.9673,0.68081,0.20157,0.30804,0.68305,1.8326
-8.8459,-7.3721,-0.021793,-1.8585,-0.51134,-6.0736,-6.941,0.49939,-0.11238,0.12998,0.5386,1.715
-6.3835,-6.7496,1.375,0.97817,0.88548,-6.1641,-6.9885,0.95373,0.68663,0.57467,0.92864,2.1019
-7.5783,-7.1543,0.4626,-0.47197,-0.026951,-6.1045,-6.9651,0.65851,0.16264,0.28595,0.66469,1.8103
-8.9497,-7.3824,-0.044748,-1.9668,-0.5343,-6.0722,-6.939,0.49181,-0.12536,0.1224,0.53415,1.7074
-5.5825,-6.3804,2.2229,2.0201,1.7334,-6.2212,-7.0046,1.2226,1.1807,0.84242,1.1882,2.3577
-8.8495,-7.3725,-0.022635,-1.8624,-0.51218,-6.0736,-6.9409,0.49911,-0.11285,0.1297,0.53832,1.7147
-8.3058,-7.3021,0.13327,-1.2842,-0.35628,-6.0835,-6.9512,0.55051,-0.024573,0.18066,0.58163,1.7584
-10.449,-7.4629,-0.22254,-3.4802,-0.71209,-6.061,-6.9114,0.43296,-0.22572,0.068825,0.50089,1.7513
-7.2233,-7.0554,0.68395,-0.056471,0.1944,-6.1188,-6.9719,0.73068,0.28903,0.35791,0.72339,1.8825
-5.4705,-6.3245,2.3525,2.1687,1.863,-6.2301,-7.0069,1.2632,1.2569,0.87714,1.2288,2.3984
-9.2704,-7.4094,-0.10431,-2.2973,-0.59385,-6.0684,-6.9331,0.47212,-0.15901,0.10404,0.52127,1.7826
-9.8067,-7.4407,-0.17353,-2.8403,-0.66308,-6.0641,-6.9231,0.44921,-0.19808,0.082448,0.50707,1.7597
-9.2944,-7.4111,-0.10815,-2.3219,-0.5977,-6.0682,-6.9326,0.47085,-0.16118,0.10277,0.52,1.7813
-10.662,-7.4678,-0.2333,-3.6899,-0.72285,-6.0604,-6.9075,0.42939,-0.23179,0.066755,0.5112,1.7478
-5.9898,-6.5757,1.7725,1.485,1.2829,-6.1907,-6.9964,1.0804,0.91737,0.70073,1.0527,2.2192
-6.4923,-6.7945,1.2729,0.84038,0.78333,-6.1573,-6.9863,0.92098,0.62757,0.54192,0.8972,2.0691
-8.8658,-7.3741,-0.02635,-1.8794,-0.5159,-6.0734,-6.9406,0.49788,-0.11495,0.12848,0.53709,1.7135
-10.017,-7.4494,-0.1928,-3.0504,-0.68235,-6.0629,-6.9193,0.44282,-0.20896,0.076457,0.50544,1.7533
-11.876,-7.4828,-0.26636,-4.8808,-0.75591,-6.0583,-6.8857,0.41843,-0.25042,0.058606,0.51887,1.7914
-8.3096,-7.3027,0.13194,-1.2883,-0.35761,-6.0834,-6.9511,0.55007,-0.025326,0.18023,0.58119,1.7579
-8.5618,-7.3389,0.051717,-1.559,-0.43783,-6.0783,-6.9463,0.52364,-0.07078,0.1538,0.55561,1.7392
-9.2874,-7.4106,-0.10703,-2.3146,-0.59658,-6.0683,-6.9327,0.47122,-0.16055,0.10314,0.52037,1.7817
-7.7317,-7.1913,0.37981,-0.64749,-0.10973,-6.0992,-6.9621,0.63143,0.11548,0.25887,0.64263,1.8393
-8.0935,-7.266,0.21347,-1.0523,-0.27608,-6.0886,-6.9552,0.57688,0.020924,0.20439,0.60367,1.7847
-8.2821,-7.2984,0.14161,-1.2586,-0.34794,-6.084,-6.9516,0.55325,-0.019848,0.18076,0.5835,1.7611
-8.3549,-7.3097,0.11638,-1.3374,-0.37317,-6.0824,-6.9502,0.54494,-0.034149,0.1751,0.57607,1.7528
-11.027,-7.4742,-0.24746,-4.0491,-0.73701,-6.0595,-6.9009,0.4247,-0.23977,0.062749,0.51493,1.7431
-9.8264,-7.4416,-0.17549,-2.86,-0.66504,-6.064,-6.9228,0.44855,-0.19919,0.081797,0.50642,1.759
-7.5704,-7.1523,0.46702,-0.46295,-0.022524,-6.1048,-6.9652,0.65996,0.16516,0.2874,0.66613,1.8118
-8.8573,-7.3733,-0.024423,-1.8705,-0.51397,-6.0735,-6.9408,0.49852,-0.11386,0.12911,0.53773,1.7141
-6.8267,-6.9232,0.98161,0.4234,0.49206,-6.1382,-6.9797,0.82717,0.45973,0.44935,0.81599,1.9753
-7.3217,-7.0847,0.61836,-0.17295,0.12881,-6.1145,-6.97,0.70933,0.25153,0.33657,0.7026,1.8611
-5.9686,-6.5659,1.795,1.5126,1.3055,-6.1922,-6.9968,1.0876,0.93048,0.70787,1.0598,2.2263
-8.14,-7.2744,0.19484,-1.1034,-0.2947,-6.0874,-6.9543,0.57076,0.010353,0.19827,0.59755,1.7786
-5.944,-6.5544,1.8213,1.5446,1.3317,-6.194,-6.9973,1.0959,0.9458,0.7162,1.0682,2.2347
-12.314,-7.4851,-0.27151,-5.3081,-0.76106,-6.058,-6.878,0.41672,-0.25332,0.057288,0.53525,1.7897
-9.3913,-7.4178,-0.12287,-2.4206,-0.61242,-6.0673,-6.9308,0.46598,-0.16949,0.097904,0.51782,1.7764
-5.8849,-6.5267,1.8851,1.6219,1.3955,-6.1983,-6.9985,1.1161,0.983,0.73592,1.0884,2.2549
-7.359,-7.0954,0.59431,-0.21691,0.10476,-6.113,-6.9693,0.7015,0.23779,0.32873,0.69476,1.8533
-7.3305,-7.0872,0.6126,-0.1834,0.12306,-6.1142,-6.9699,0.70746,0.24824,0.33469,0.70072,1.8593
-5.3476,-6.2623,2.4974,2.3324,2.0078,-6.2401,-7.0095,1.3085,1.3422,0.92238,1.2655,2.4436
-9.6525,-7.4332,-0.15686,-2.6852,-0.64641,-6.0651,-6.926,0.45473,-0.18868,0.087969,0.50826,1.7652
-7.5756,-7.1536,0.46407,-0.46896,-0.025477,-6.1046,-6.9651,0.65899,0.16348,0.28643,0.66517,1.8108
-9.8767,-7.4438,-0.18037,-2.9105,-0.66992,-6.0637,-6.9218,0.44694,-0.20194,0.080575,0.50809,1.7574
-8.7609,-7.3629,-0.0015047,-1.7695,-0.49105,-6.0749,-6.9426,0.50608,-0.1009,0.13668,0.54529,1.7217
-9.3907,-7.4177,-0.12278,-2.42,-0.61232,-6.0673,-6.9308,0.46601,-0.16944,0.097934,0.51785,1.7765
-8.624,-7.3468,0.03419,-1.6251,-0.45536,-6.0772,-6.9451,0.51786,-0.080702,0.14802,0.55175,1.7334
-11.951,-7.4833,-0.26739,-4.9535,-0.75694,-6.0582,-6.8844,0.41808,-0.251,0.058262,0.51853,1.7911
-7.9578,-7.24,0.27128,-0.90192,-0.21827,-6.0922,-6.9578,0.59586,0.053756,0.22337,0.61114,1.8037
-8.3148,-7.3035,0.13011,-1.294,-0.35944,-6.0833,-6.951,0.54946,-0.026366,0.17962,0.58059,1.7573
-9.6699,-7.4341,-0.15886,-2.7028,-0.64841,-6.065,-6.9257,0.45406,-0.18981,0.087305,0.5076,1.7645
-7.5805,-7.1548,0.46135,-0.4745,-0.028193,-6.1044,-6.965,0.65811,0.16193,0.28555,0.66428,1.8099
-8.0488,-7.2577,0.23193,-1.0029,-0.25761,-6.0897,-6.956,0.58294,0.031408,0.21045,0.60973,1.7908
-8.5041,-7.3312,0.068729,-1.4976,-0.42082,-6.0794,-6.9474,0.52925,-0.061147,0.15941,0.56121,1.7448
-4.1031,-5.6037,4.061,4.0082,3.5714,-6.3509,-7.0359,1.7865,2.2768,1.3979,1.719,2.853
-8.4307,-7.3209,0.091532,-1.4189,-0.39802,-6.0808,-6.9488,0.53676,-0.04823,0.16692,0.56788,1.7523
-7.9094,-7.2302,0.29321,-0.84786,-0.19634,-6.0936,-6.9587,0.60305,0.066219,0.23056,0.61833,1.8109
-10.383,-7.4612,-0.2187,-3.4143,-0.70825,-6.0613,-6.9126,0.43423,-0.22356,0.070098,0.50216,1.7526
-7.5197,-7.1392,0.4962,-0.40437,0.0066491,-6.1067,-6.9662,0.66949,0.18179,0.29693,0.67173,1.8213
-10.821,-7.4709,-0.24008,-3.8468,-0.72963,-6.0599,-6.9046,0.42715,-0.23561,0.064507,0.51052,1.7455
-8.5201,-7.3334,0.063933,-1.5147,-0.42562,-6.0791,-6.9471,0.52767,-0.063863,0.15783,0.55963,1.7432
-7.1731,-7.0399,0.71869,0.003381,0.22915,-6.121,-6.9729,0.74198,0.30892,0.36921,0.73469,1.8938
-9.6337,-7.4322,-0.15467,-2.6662,-0.64422,-6.0653,-6.9263,0.45545,-0.18744,0.088694,0.50899,1.7659
-8.3347,-7.3066,0.12324,-1.3155,-0.36631,-6.0828,-6.9506,0.5472,-0.03026,0.17736,0.57833,1.7551
-7.57,-7.1522,0.46724,-0.4625,-0.022303,-6.1048,-6.9652,0.66003,0.16529,0.28747,0.6662,1.8118
-7.9898,-7.2464,0.25718,-0.93749,-0.23237,-6.0913,-6.9572,0.59123,0.045747,0.21874,0.60651,1.7991
-8.8846,-7.376,-0.03059,-1.899,-0.52014,-6.0731,-6.9403,0.49648,-0.11735,0.12708,0.53569,1.7121
-10.299,-7.4588,-0.2135,-3.3309,-0.70305,-6.0616,-6.9141,0.43596,-0.22063,0.071822,0.50085,1.7464
-7.71,-7.1863,0.39104,-0.62286,-0.098509,-6.0999,-6.9625,0.63511,0.12187,0.26255,0.6463,1.843
-9.1701,-7.4017,-0.087375,-2.1944,-0.57692,-6.0695,-6.9349,0.47772,-0.14945,0.10964,0.52513,1.6933
-8.4262,-7.3203,0.092969,-1.4141,-0.39658,-6.0809,-6.9489,0.53724,-0.047415,0.16739,0.56836,1.7528
-9.1617,-7.401,-0.085894,-2.1858,-0.57544,-6.0696,-6.9351,0.47821,-0.14861,0.11013,0.52562,1.6938
-8.4534,-7.3242,0.084335,-1.4433,-0.40521,-6.0804,-6.9484,0.53439,-0.052307,0.16455,0.56636,1.75
-8.6366,-7.3483,0.030746,-1.6384,-0.4588,-6.077,-6.9449,0.51673,-0.082652,0.14688,0.55062,1.7323
-6.8517,-6.9322,0.96128,0.39266,0.47173,-6.1368,-6.9792,0.8206,0.44804,0.44278,0.81202,1.9688
-8.6427,-7.3491,0.029069,-1.6449,-0.46048,-6.0769,-6.9448,0.51617,-0.083601,0.14633,0.55006,1.7318
-8.6611,-7.3513,0.024118,-1.6644,-0.46543,-6.0765,-6.9444,0.51454,-0.086403,0.1447,0.54843,1.7301
-8.716,-7.3578,0.0097649,-1.7223,-0.47978,-6.0756,-6.9434,0.5098,-0.094525,0.1404,0.5437,1.7254
-9.8086,-7.4408,-0.17372,-2.8422,-0.66327,-6.0641,-6.9231,0.44914,-0.19819,0.082383,0.507,1.7596
-9.6624,-7.4337,-0.15801,-2.6952,-0.64755,-6.0651,-6.9258,0.45435,-0.18933,0.087589,0.50788,1.7648
-8.4538,-7.3242,0.084214,-1.4437,-0.40533,-6.0803,-6.9484,0.53435,-0.052376,0.16451,0.56632,1.7499
-7.5158,-7.1382,0.49847,-0.39986,0.0089224,-6.1068,-6.9663,0.67023,0.18309,0.29767,0.67247,1.822
-8.9095,-7.3785,-0.036081,-1.9249,-0.52563,-6.0727,-6.9398,0.49467,-0.12046,0.12526,0.53701,1.7102
-7.9366,-7.2358,0.28079,-0.87829,-0.20876,-6.0928,-6.9582,0.59898,0.059162,0.22649,0.61426,1.8068
-7.7399,-7.1932,0.37557,-0.65688,-0.11398,-6.0989,-6.962,0.63004,0.11307,0.25748,0.64124,1.8379
-8.0133,-7.251,0.24699,-0.96362,-0.24256,-6.0907,-6.9567,0.58789,0.039957,0.2154,0.61467,1.7957
-7.6473,-7.1714,0.42441,-0.55125,-0.065141,-6.102,-6.9637,0.64603,0.14088,0.27347,0.6522,1.8539
-7.657,-7.1737,0.41918,-0.56232,-0.070369,-6.1017,-6.9636,0.64432,0.1379,0.27176,0.65049,1.8522
-8.749,-7.3616,0.0014402,-1.757,-0.48811,-6.0751,-6.9428,0.50706,-0.099235,0.13765,0.54095,1.7226
-7.934,-7.2353,0.28195,-0.87543,-0.2076,-6.0929,-6.9582,0.59936,0.05982,0.22687,0.61464,1.8072
-10.182,-7.4553,-0.20561,-3.2154,-0.69516,-6.0621,-6.9162,0.43858,-0.21618,0.072213,0.50347,1.749
-9.1623,-7.4011,-0.086009,-2.1865,-0.57556,-6.0696,-6.9351,0.47817,-0.14867,0.1101,0.52558,1.6937
-7.0583,-7.0032,0.80133,0.14117,0.31178,-6.1264,-6.9752,0.76881,0.35624,0.39098,0.76039,1.9206
-8.0577,-7.2594,0.22819,-1.0128,-0.26135,-6.0895,-6.9559,0.58171,0.029284,0.20923,0.6085,1.7896
-7.6285,-7.1668,0.43463,-0.52975,-0.054914,-6.1027,-6.9641,0.64937,0.1467,0.27681,0.65554,1.8572
-8.5988,-7.3436,0.041175,-1.5984,-0.44837,-6.0776,-6.9456,0.52017,-0.076748,0.15032,0.55406,1.7357
-11.354,-7.4784,-0.25659,-4.37,-0.74613,-6.0589,-6.895,0.42167,-0.24491,0.061797,0.51836,1.74
-10.786,-7.4703,-0.23868,-3.8124,-0.72823,-6.06,-6.9053,0.42761,-0.23482,0.064972,0.50942,1.746
-8.9167,-7.3792,-0.037664,-1.9324,-0.52721,-6.0726,-6.9397,0.49415,-0.12135,0.12474,0.53649,1.7097
-7.844,-7.2164,0.32393,-0.77453,-0.16562,-6.0956,-6.96,0.61313,0.083687,0.24057,0.62432,1.821
-7.2187,-7.054,0.68708,-0.051018,0.19754,-6.119,-6.972,0.7317,0.29083,0.35893,0.72441,1.8835
-9.8933,-7.4445,-0.18193,-2.9271,-0.67148,-6.0636,-6.9215,0.44642,-0.20282,0.08006,0.50757,1.7569
-8.3338,-7.3065,0.12357,-1.3145,-0.36598,-6.0828,-6.9506,0.54731,-0.030074,0.17747,0.57843,1.7552
-9.0329,-7.3901,-0.061758,-2.053,-0.55131,-6.0711,-6.9375,0.48619,-0.13497,0.11678,0.52853,1.7018
-8.2924,-7.3,0.13797,-1.2697,-0.35158,-6.0838,-6.9514,0.55205,-0.021909,0.18221,0.58231,1.7599
-8.5395,-7.336,0.058198,-1.5353,-0.43135,-6.0787,-6.9467,0.52578,-0.06711,0.15594,0.55774,1.7414
-8.2177,-7.2878,0.16506,-1.1885,-0.32449,-6.0855,-6.9528,0.56096,-0.0065443,0.18848,0.59122,1.7688
-8.4732,-7.327,0.078183,-1.4645,-0.41137,-6.08,-6.948,0.53236,-0.055792,0.16252,0.56433,1.7479
-8.2734,-7.297,0.14474,-1.249,-0.34481,-6.0842,-6.9518,0.55428,-0.018071,0.18179,0.58453,1.7621
-7.9021,-7.2287,0.29657,-0.8397,-0.19298,-6.0939,-6.9588,0.60416,0.068131,0.23167,0.61943,1.812
-7.2628,-7.0673,0.65724,-0.10332,0.16769,-6.117,-6.9712,0.72199,0.27376,0.34923,0.7147,1.8738
-5.3527,-6.2649,2.4912,2.3255,2.0017,-6.2397,-7.0094,1.3066,1.3386,0.92046,1.2636,2.4417
-7.4043,-7.1081,0.56579,-0.27001,0.076237,-6.1111,-6.9684,0.6922,0.2215,0.31943,0.68546,1.844
-6.7269,-6.8864,1.0648,0.54671,0.57524,-6.1436,-6.9817,0.85402,0.50758,0.4762,0.84284,2.0022
-8.9736,-7.3847,-0.049755,-1.9916,-0.5393,-6.0719,-6.9386,0.49015,-0.12819,0.12074,0.5325,1.7057
-6.99,-6.9804,0.85262,0.22382,0.36307,-6.1297,-6.9765,0.78544,0.38566,0.40761,0.77702,1.9372
-10.417,-7.4621,-0.22068,-3.4477,-0.71023,-6.0611,-6.912,0.43358,-0.22467,0.069442,0.50151,1.752
-8.9092,-7.3785,-0.036018,-1.9246,-0.52557,-6.0727,-6.9398,0.49469,-0.12042,0.12528,0.53704,1.7103
-9.196,-7.4038,-0.091885,-2.221,-0.58143,-6.0692,-6.9344,0.47623,-0.15199,0.10815,0.52364,1.6918
-8.3407,-7.3076,0.1212,-1.322,-0.36835,-6.0827,-6.9505,0.54653,-0.031417,0.17669,0.57765,1.7544
-6.466,-6.7838,1.2973,0.87359,0.8077,-6.1589,-6.9868,0.9288,0.64165,0.54974,0.90502,2.077
-7.8751,-7.223,0.30916,-0.80944,-0.18038,-6.0947,-6.9594,0.60829,0.075291,0.23573,0.62356,1.8161
-7.4166,-7.1115,0.55819,-0.28433,0.068646,-6.1106,-6.9682,0.68972,0.21717,0.31696,0.69197,1.8415
-6.162,-6.6538,1.5936,1.2618,1.104,-6.1787,-6.9929,1.0235,0.8133,0.64383,0.99832,2.1623
-8.7783,-7.3648,-0.005777,-1.7878,-0.49533,-6.0747,-6.9422,0.50467,-0.10332,0.13527,0.54388,1.7203
-7.6323,-7.1677,0.43258,-0.53404,-0.056964,-6.1026,-6.964,0.6487,0.14553,0.27614,0.65487,1.8566
-10.203,-7.4559,-0.2071,-3.2364,-0.69665,-6.062,-6.9159,0.43808,-0.21702,0.071716,0.50297,1.7485
-10.003,-7.4489,-0.19168,-3.0371,-0.68123,-6.063,-6.9195,0.44319,-0.20833,0.076827,0.50581,1.7536
-7.3543,-7.094,0.59735,-0.2113,0.10781,-6.1132,-6.9694,0.70249,0.23953,0.32972,0.69575,1.8543
-6.3915,-6.7529,1.3674,0.96806,0.8779,-6.1636,-6.9883,0.9513,0.68224,0.57224,0.92621,2.0995
-6.6963,-6.8748,1.091,0.58474,0.60141,-6.1453,-6.9823,0.86246,0.52265,0.4834,0.8417,2.0106
-8.1319,-7.273,0.19806,-1.0945,-0.29149,-6.0876,-6.9545,0.57181,0.012177,0.19932,0.5986,1.7797
-8.3693,-7.3119,0.11157,-1.3528,-0.37798,-6.0821,-6.95,0.54336,-0.036877,0.17352,0.57448,1.7512
-6.7248,-6.8855,1.0666,0.5494,0.57709,-6.1437,-6.9817,0.85462,0.50864,0.4768,0.84344,2.0028
-6.6707,-6.865,1.113,0.61655,0.62348,-6.1468,-6.9828,0.86957,0.53536,0.49052,0.84881,2.0177
-8.799,-7.3671,-0.010769,-1.8094,-0.50032,-6.0743,-6.9419,0.50303,-0.10614,0.13362,0.54224,1.7186
-7.8974,-7.2277,0.29874,-0.83445,-0.19081,-6.094,-6.9589,0.60487,0.069366,0.23238,0.62015,1.8127
-8.7508,-7.3618,0.00099399,-1.7589,-0.48855,-6.0751,-6.9428,0.50691,-0.099488,0.1375,0.54612,1.7225
-7.1198,-7.0231,0.75652,0.067213,0.26697,-6.1235,-6.974,0.75426,0.33057,0.3815,0.74585,1.9061
-5.1246,-6.1475,2.7658,2.6307,2.2762,-6.2587,-7.0141,1.3919,1.5008,1.0052,1.3477,2.4872
-8.2376,-7.2911,0.15773,-1.2101,-0.33182,-6.085,-6.9525,0.55855,-0.010703,0.18606,0.58881,1.7664
-8.0606,-7.26,0.22698,-1.016,-0.26257,-6.0894,-6.9558,0.58131,0.028593,0.20883,0.6081,1.7892
-7.0502,-7.0005,0.80738,0.15103,0.31783,-6.1268,-6.9753,0.77077,0.35971,0.39295,0.76236,1.9226
-8.8352,-7.371,-0.019322,-1.8474,-0.50887,-6.0738,-6.9412,0.5002,-0.11098,0.1308,0.53941,1.7158
-8.2554,-7.294,0.15122,-1.2295,-0.33833,-6.0846,-6.9521,0.55641,-0.014397,0.18392,0.58667,1.7643
-8.869,-7.3745,-0.027071,-1.8827,-0.51662,-6.0733,-6.9405,0.49764,-0.11536,0.12824,0.53685,1.7132
-4.5746,-5.8568,3.4531,3.3713,2.9635,-6.3072,-7.0257,1.603,1.9104,1.2145,1.5547,2.6711
-8.8145,-7.3688,-0.014458,-1.8257,-0.50401,-6.0741,-6.9416,0.50181,-0.10823,0.1324,0.54102,1.7174
-7.6312,-7.1674,0.43315,-0.53285,-0.056396,-6.1026,-6.964,0.64889,0.14586,0.27633,0.65506,1.8567
-8.2829,-7.2985,0.14134,-1.2594,-0.34821,-6.084,-6.9516,0.55316,-0.019997,0.18067,0.58342,1.761
-9.8489,-7.4426,-0.1777,-2.8826,-0.66725,-6.0638,-6.9224,0.44782,-0.20044,0.081459,0.50897,1.7583
-6.3278,-6.7261,1.4287,1.0491,0.93911,-6.1677,-6.9896,0.97089,0.71767,0.59184,0.9458,2.1191
-7.3965,-7.106,0.57064,-0.2609,0.081089,-6.1114,-6.9686,0.69378,0.22427,0.32101,0.68705,1.8456
-8.9349,-7.381,-0.041585,-1.9513,-0.53113,-6.0724,-6.9393,0.49285,-0.12357,0.12344,0.5352,1.7084
-9.4957,-7.4244,-0.13739,-2.5267,-0.62694,-6.0664,-6.9289,0.46117,-0.17769,0.094413,0.51301,1.7716
-8.1589,-7.2777,0.18744,-1.1242,-0.3021,-6.0869,-6.9539,0.56832,0.0061537,0.19584,0.59858,1.7762
-9.5195,-7.4258,-0.14053,-2.5508,-0.63007,-6.0662,-6.9284,0.46013,-0.17946,0.093376,0.51198,1.7706
-9.9113,-7.4453,-0.18359,-2.9451,-0.67314,-6.0635,-6.9212,0.44587,-0.20376,0.07951,0.50702,1.7563
-9.4731,-7.423,-0.13436,-2.5038,-0.62391,-6.0666,-6.9293,0.46217,-0.17598,0.095415,0.51402,1.7726
-7.4068,-7.1088,0.56427,-0.27287,0.074719,-6.111,-6.9684,0.6917,0.22064,0.31894,0.68497,1.8435
-9.0483,-7.3915,-0.064792,-2.0689,-0.55434,-6.0709,-6.9372,0.48518,-0.13669,0.11578,0.52753,1.7008
-9.4168,-7.4194,-0.12655,-2.4466,-0.61609,-6.067,-6.9303,0.46476,-0.17157,0.096686,0.5166,1.7752
-8.6007,-7.3439,0.040641,-1.6004,-0.44891,-6.0776,-6.9456,0.51999,-0.077051,0.15015,0.55388,1.7356
-9.9121,-7.4453,-0.18366,-2.9459,-0.67321,-6.0635,-6.9212,0.44585,-0.2038,0.079484,0.507,1.7563
-5.6904,-6.4334,2.1002,1.8774,1.6106,-6.2129,-7.0024,1.184,1.1088,0.80382,1.1512,2.3228
-10.673,-7.468,-0.2338,-3.7006,-0.72335,-6.0603,-6.9073,0.42923,-0.23207,0.066591,0.51104,1.7476
-8.9843,-7.3857,-0.051971,-2.0027,-0.54152,-6.0717,-6.9384,0.48942,-0.12944,0.12001,0.53177,1.705
-7.225,-7.0559,0.6828,-0.058464,0.19325,-6.1187,-6.9719,0.73031,0.28838,0.35754,0.72302,1.8821
-7.3423,-7.0906,0.60503,-0.19723,0.11548,-6.1137,-6.9696,0.70499,0.24392,0.33222,0.69825,1.8568
-8.8891,-7.3765,-0.031579,-1.9036,-0.52113,-6.073,-6.9402,0.49616,-0.11791,0.12675,0.53536,1.7117
-7.1225,-7.024,0.75458,0.063962,0.26503,-6.1233,-6.9739,0.75363,0.32946,0.38087,0.74522,1.9054
-9.5571,-7.428,-0.14534,-2.5889,-0.63489,-6.0659,-6.9277,0.45854,-0.18218,0.091781,0.51207,1.769
-7.8434,-7.2163,0.32425,-0.77378,-0.1653,-6.0956,-6.96,0.61323,0.083868,0.24067,0.62442,1.8211
-8.6258,-7.347,0.033699,-1.6269,-0.45585,-6.0772,-6.9451,0.5177,-0.080981,0.14786,0.55159,1.7333
-10.328,-7.4597,-0.21539,-3.3605,-0.70494,-6.0615,-6.9136,0.43533,-0.22169,0.071195,0.50326,1.7458
-6.2765,-6.704,1.4789,1.1147,0.98935,-6.171,-6.9906,0.98695,0.74678,0.60725,0.96173,2.1351
-6.6863,-6.871,1.0996,0.5972,0.61004,-6.1459,-6.9825,0.86524,0.52761,0.48618,0.84448,2.0134
-10.154,-7.4543,-0.20354,-3.187,-0.69309,-6.0622,-6.9168,0.43926,-0.21501,0.072898,0.50188,1.7497
-8.3107,-7.3029,0.13154,-1.2896,-0.35801,-6.0833,-6.9511,0.54993,-0.025557,0.18009,0.58106,1.7578
-12.657,-7.4864,-0.27427,-5.6425,-0.76382,-6.0578,-6.8719,0.4158,-0.25487,0.058396,0.53756,1.7888
-8.5542,-7.3379,0.053922,-1.5509,-0.43563,-6.0784,-6.9465,0.52437,-0.069532,0.15453,0.55633,1.7399
-8.3113,-7.303,0.13135,-1.2901,-0.35819,-6.0833,-6.9511,0.54987,-0.025661,0.18003,0.581,1.7577
-6.4635,-6.7828,1.2996,0.87674,0.81002,-6.1591,-6.9869,0.92954,0.64299,0.55048,0.90577,2.0777
-7.0301,-6.9938,0.82234,0.17529,0.3328,-6.1278,-6.9757,0.77562,0.36829,0.3978,0.76721,1.9274
-5.7787,-6.4761,2.0015,1.7612,1.512,-6.2062,-7.0006,1.1529,1.051,0.77273,1.1245,2.2917
-6.3592,-6.7394,1.3983,1.009,0.90874,-6.1656,-6.989,0.96118,0.70009,0.58212,0.93608,2.1093
-10.095,-7.4523,-0.19911,-3.1286,-0.68866,-6.0625,-6.9178,0.44073,-0.21251,0.074367,0.50335,1.7512
-6.3481,-6.7347,1.409,1.0232,0.91944,-6.1663,-6.9892,0.9646,0.70628,0.58554,0.93951,2.1128
-7.3177,-7.0835,0.62093,-0.16828,0.13138,-6.1147,-6.9701,0.71017,0.253,0.3374,0.70344,1.862
-10.579,-7.466,-0.22938,-3.6086,-0.71893,-6.0606,-6.909,0.43069,-0.22958,0.066556,0.51213,1.7491
-9.0209,-7.3891,-0.059373,-2.0405,-0.54892,-6.0713,-6.9377,0.48697,-0.13362,0.11757,0.52932,1.7026
-9.0208,-7.389,-0.059354,-2.0404,-0.5489,-6.0713,-6.9377,0.48698,-0.13361,0.11757,0.52933,1.7026
-5.9164,-6.5415,1.851,1.5807,1.3614,-6.196,-6.9979,1.1053,0.96311,0.72512,1.0776,2.2441
-7.8398,-7.2155,0.32594,-0.76982,-0.16361,-6.0957,-6.96,0.61379,0.08483,0.24123,0.62498,1.8216
-8.4192,-7.3193,0.095211,-1.4065,-0.39434,-6.081,-6.949,0.53797,-0.046145,0.16813,0.5691,1.7536
-10.429,-7.4624,-0.22142,-3.4605,-0.71097,-6.0611,-6.9117,0.43333,-0.22509,0.069197,0.50126,1.7517
-7.0776,-7.0095,0.78717,0.11799,0.29763,-6.1255,-6.9748,0.76421,0.34813,0.38639,0.7558,1.916
-7.3116,-7.0817,0.62491,-0.1611,0.13536,-6.1149,-6.9702,0.71146,0.25527,0.3387,0.70473,1.8633
-6.7947,-6.9115,1.008,0.4629,0.51842,-6.1399,-6.9803,0.83569,0.47488,0.45787,0.82451,1.9839
-10.149,-7.4541,-0.20317,-3.182,-0.69272,-6.0622,-6.9169,0.43938,-0.2148,0.073021,0.50201,1.7498
-8.0005,-7.2485,0.2525,-0.94945,-0.23705,-6.091,-6.957,0.5897,0.043088,0.21721,0.61648,1.7976
-4.856,-6.0066,3.0977,2.9918,2.6081,-6.282,-7.0197,1.4943,1.698,1.1076,1.4495,2.5896
-8.1723,-7.2801,0.18228,-1.1388,-0.30727,-6.0866,-6.9537,0.56663,0.0032232,0.19414,0.59688,1.7745
-6.3613,-6.7403,1.3963,1.0064,0.90673,-6.1655,-6.9889,0.96053,0.69892,0.58147,0.93544,2.1087
-9.2302,-7.4064,-0.097704,-2.2562,-0.58725,-6.0689,-6.9338,0.4743,-0.15528,0.10623,0.52345,1.6899
-7.1758,-7.0408,0.71682,0.00018005,0.22727,-6.1209,-6.9729,0.74137,0.30784,0.3686,0.73408,1.8932
-6.6438,-6.8547,1.1365,0.65011,0.64695,-6.1483,-6.9833,0.87713,0.54888,0.49807,0.85637,2.0253
-8.3418,-7.3077,0.12084,-1.3231,-0.3687,-6.0827,-6.9505,0.54641,-0.031618,0.17657,0.57754,1.7543
-9.1119,-7.397,-0.07688,-2.1346,-0.56643,-6.0702,-6.936,0.48119,-0.14352,0.11311,0.5286,1.6968
-7.566,-7.1511,0.46956,-0.4578,-0.01999,-6.1049,-6.9653,0.66079,0.16661,0.28823,0.66696,1.8126
-9.7658,-7.4388,-0.16933,-2.7992,-0.65888,-6.0644,-6.9239,0.4506,-0.19572,0.083839,0.50846,1.761
-8.2202,-7.2882,0.16416,-1.1911,-0.32539,-6.0854,-6.9528,0.56067,-0.0070566,0.18818,0.59092,1.7685
-8.2648,-7.2956,0.14783,-1.2397,-0.34172,-6.0844,-6.9519,0.55529,-0.016321,0.18281,0.58555,1.7632
-10.994,-7.4737,-0.24638,-4.017,-0.73593,-6.0595,-6.9015,0.42506,-0.23916,0.063107,0.51528,1.7434
-9.1694,-7.4017,-0.087252,-2.1937,-0.5768,-6.0695,-6.9349,0.47776,-0.14938,0.10968,0.52517,1.6933
-5.7292,-6.4522,2.0567,1.8263,1.5671,-6.2099,-7.0017,1.1703,1.0833,0.79011,1.1375,2.3091
-8.676,-7.3531,0.020164,-1.6801,-0.46938,-6.0763,-6.9442,0.51323,-0.088641,0.14383,0.54713,1.7288
-7.9911,-7.2466,0.25659,-0.93898,-0.23296,-6.0913,-6.9571,0.59104,0.045414,0.21855,0.60632,1.7989
-9.1126,-7.397,-0.077001,-2.1353,-0.56655,-6.0702,-6.936,0.48115,-0.14358,0.11307,0.52856,1.6967
-6.7892,-6.9095,1.0125,0.46962,0.52294,-6.1402,-6.9804,0.83715,0.47748,0.45932,0.82597,1.9853
-6.7523,-6.8958,1.0433,0.51526,0.55378,-6.1422,-6.9812,0.8471,0.49523,0.46928,0.83592,1.9953
-6.2248,-6.6815,1.5302,1.181,1.0407,-6.1744,-6.9916,1.0034,0.77655,0.62364,0.97813,2.1421
-7.8472,-7.2171,0.32241,-0.77808,-0.16714,-6.0955,-6.9599,0.61263,0.082824,0.24007,0.62382,1.8205
-5.4682,-6.3233,2.3553,2.1718,1.8657,-6.2303,-7.007,1.2641,1.2585,0.87799,1.2297,2.3992
