-8.1512,-8.0318,-0.066398,-1.2217,-0.55595,-7.3991,-7.5861,0.54422,-0.018546,-0.52651,0.34214,1.6934
-7.5791,-7.6214,0.78044,-0.039897,0.29089,-7.428,-7.6108,1.189,0.45219,0.09868,0.95418,2.3314
-7.7846,-7.7733,0.46548,-0.4673,-0.024071,-7.4172,-7.6019,0.95438,0.27633,-0.12887,0.74352,2.0968
-7.3664,-7.4587,1.1199,0.40626,0.63034,-7.4396,-7.62,1.4357,0.64278,0.33935,1.1957,2.5781
-8.9734,-8.5588,-1.1362,-2.8791,-1.6258,-7.3628,-7.5514,-0.33971,-0.60388,-1.3888,-0.50505,0.83035
-7.5945,-7.633,0.75642,-0.072023,0.26687,-7.4272,-7.6101,1.1713,0.43874,0.080986,0.93648,2.3137
-8.5529,-8.2976,-0.60841,-2.037,-1.098,-7.3807,-7.569,0.10652,-0.31638,-0.95361,-0.08099,1.2557
-7.2614,-7.3764,1.2925,0.62781,0.80292,-7.4455,-7.6246,1.5589,0.74011,0.45675,1.3152,2.7013
-8.2088,-8.0709,-0.14652,-1.3392,-0.63607,-7.3964,-7.5837,0.48081,-0.062742,-0.58992,0.27901,1.63
-9.5124,-8.8723,-1.7638,-3.9424,-2.2533,-7.3416,-7.529,-0.895,-0.94254,-1.9334,-1.0475,0.27507
-9.5378,-8.8865,-1.7922,-3.9921,-2.2817,-7.3407,-7.528,-0.92074,-0.9578,-1.9591,-1.0732,0.24933
-9.8488,-9.0581,-2.1329,-4.5978,-2.6225,-7.3292,-7.5152,-1.2329,-1.1402,-2.2576,-1.3561,0.13199
-9.5455,-8.8909,-1.8008,-4.0072,-2.2903,-7.3404,-7.5276,-0.92854,-0.96241,-1.9669,-1.081,0.24153
-8.4006,-8.1988,-0.40758,-1.7292,-0.89713,-7.3875,-7.5755,0.27111,-0.20633,-0.79562,0.069852,1.4203
-9.1483,-8.6629,-1.3453,-3.226,-1.8348,-7.3557,-7.5441,-0.52184,-0.71708,-1.5697,-0.68418,0.64823
-10.673,-9.4895,-2.9821,-6.1791,-3.4716,-7.3008,-7.4818,-2.0349,-1.5905,-3.044,-2.114,-0.67006
-6.8289,-7.0231,2.0394,1.551,1.5498,-7.4712,-7.6438,2.0773,1.1647,0.96477,1.8262,3.0397
-8.5256,-8.2801,-0.57284,-1.982,-1.0624,-7.3819,-7.5702,0.13588,-0.29691,-0.93085,-0.051627,1.2851
-7.3163,-7.4196,1.2018,0.51185,0.71226,-7.4424,-7.6222,1.4943,0.68894,0.398,1.2544,2.6367
-8.5459,-8.2931,-0.59929,-2.0229,-1.0888,-7.381,-7.5693,0.11406,-0.31139,-0.94608,-0.073453,1.2633
-8.4268,-8.216,-0.44253,-1.7823,-0.93208,-7.3863,-7.5744,0.24267,-0.22551,-0.82406,0.041414,1.3919
-8.3518,-8.1667,-0.34201,-1.6302,-0.83156,-7.3897,-7.5776,0.32423,-0.17033,-0.74533,0.12297,1.4734
-8.3143,-8.1418,-0.29126,-1.554,-0.78081,-7.3915,-7.5792,0.36513,-0.14243,-0.70442,0.16388,1.5143
-6.4932,-6.7342,2.6586,2.2802,2.1691,-7.4925,-7.6588,2.4926,1.521,1.3691,2.2378,3.455
-8.6351,-8.35,-0.71459,-2.2026,-1.2041,-7.3771,-7.5656,0.01834,-0.37441,-1.0418,-0.15304,1.1884
-5.7931,-6.0966,4.0553,3.8407,3.5657,-7.5409,-7.6908,3.3999,2.3392,2.2595,3.118,4.3521
-9.7417,-8.9997,-2.0171,-4.3899,-2.5066,-7.3331,-7.5196,-1.1261,-1.0783,-2.1567,-1.2581,0.23883
-8.0321,-7.9495,0.10234,-0.9777,-0.38721,-7.4049,-7.5912,0.67634,0.074721,-0.39694,0.47264,1.8256
-9.5511,-8.894,-1.807,-4.0181,-2.2966,-7.3402,-7.5274,-0.93419,-0.96576,-1.9725,-1.0867,0.43069
-7.8954,-7.8531,0.30073,-0.69642,-0.18881,-7.4116,-7.5971,0.82928,0.18471,-0.25396,0.61843,1.9785
-9.7492,-9.0038,-2.0252,-4.4044,-2.5148,-7.3328,-7.5193,-1.1335,-1.0826,-2.1642,-1.2656,0.23136
-8.2298,-8.0852,-0.17564,-1.3821,-0.66519,-7.3954,-7.5828,0.45766,-0.078786,-0.6119,0.25586,1.6069
-9.2713,-8.7347,-1.4891,-3.4689,-1.9786,-7.3509,-7.539,-0.64881,-0.79473,-1.6961,-0.80178,0.52125
-6.5747,-6.8054,2.5053,2.1023,2.0158,-7.4873,-7.6551,2.3908,1.4324,1.2723,2.1388,3.3532
-7.4893,-7.5534,0.92207,0.148,0.43252,-7.4328,-7.6147,1.2927,0.53158,0.20235,1.0556,2.4351
-6.8881,-7.0728,1.9337,1.4236,1.4442,-7.4676,-7.6411,2.0052,1.1043,0.89733,1.7542,2.9676
-8.7013,-8.3917,-0.799,-2.3356,-1.2886,-7.3742,-7.5628,-0.05234,-0.42048,-1.1055,-0.22372,1.1177
-9.3129,-8.7587,-1.5372,-3.5509,-2.0267,-7.3493,-7.5373,-0.69155,-0.82064,-1.7351,-0.84452,0.47851
-9.5076,-8.8696,-1.7584,-3.933,-2.2479,-7.3418,-7.5292,-0.89013,-0.93965,-1.9285,-1.0426,0.27993
-7.8789,-7.8413,0.32503,-0.66238,-0.16452,-7.4124,-7.5978,0.84784,0.19821,-0.23541,0.63698,1.997
-7.1381,-7.2779,1.4996,0.88938,1.0101,-7.4526,-7.6301,1.7049,0.8573,0.59909,1.4607,2.8473
-6.3166,-6.5775,2.9979,2.6686,2.5084,-7.5043,-7.6668,2.716,1.7178,1.5854,2.4542,3.6683
-7.5491,-7.5988,0.82756,0.022899,0.33801,-7.4296,-7.6121,1.2236,0.47858,0.13329,0.98879,2.366
-7.8328,-7.8082,0.39343,-0.56701,-0.096118,-7.4148,-7.5998,0.89988,0.23623,-0.18336,0.68902,2.0491
-5.6055,-5.9191,4.452,4.2688,3.9624,-7.5547,-7.6996,3.6534,2.5755,2.507,3.3609,4.6056
-8.5661,-8.3061,-0.62558,-2.0637,-1.1151,-7.3801,-7.5685,0.092311,-0.32577,-0.96782,-0.095198,1.2415
-9.0538,-8.607,-1.2331,-3.0389,-1.7226,-7.3595,-7.548,-0.42371,-0.65636,-1.4716,-0.58655,0.74636
-9.1382,-8.657,-1.3334,-3.2061,-1.8229,-7.3561,-7.5445,-0.5114,-0.71065,-1.5593,-0.67374,0.65866
-9.9037,-9.0878,-2.1918,-4.7042,-2.6813,-7.3272,-7.513,-1.2874,-1.1716,-2.3121,-1.4107,0.077468
-6.9945,-7.1609,1.7467,1.1956,1.2571,-7.4611,-7.6364,1.8767,0.99763,0.77089,1.6302,2.8391
-9.6936,-8.9732,-1.9645,-4.2962,-2.4541,-7.3349,-7.5216,-1.0778,-1.0502,-2.1085,-1.2145,0.28707
-9.0154,-8.584,-1.1869,-2.9625,-1.6764,-7.3611,-7.5496,-0.38357,-0.63134,-1.4315,-0.54642,0.78649
-7.3547,-7.4496,1.1389,0.43079,0.64932,-7.4403,-7.6205,1.4493,0.65347,0.35296,1.2093,2.5917
-8.6605,-8.366,-0.74704,-2.2536,-1.2366,-7.376,-7.5645,-0.008772,-0.39213,-1.0689,-0.18015,1.1613
-5.5099,-5.8278,4.6577,4.4888,4.1681,-7.5618,-7.7041,3.7845,2.6987,2.6381,3.4898,4.7367
-8.1925,-8.0599,-0.12402,-1.3061,-0.61356,-7.3971,-7.5843,0.49866,-0.050333,-0.57206,0.29687,1.6479
-8.9474,-8.5431,-1.1046,-2.8273,-1.5942,-7.3639,-7.5525,-0.31244,-0.58673,-1.3616,-0.47777,0.85763
-7.6989,-7.7106,0.59535,-0.28941,0.1058,-7.4217,-7.6056,1.0518,0.34873,-0.035468,0.82512,2.1942
-8.8816,-8.5032,-1.0241,-2.6963,-1.5137,-7.3666,-7.5552,-0.2433,-0.54302,-1.2924,-0.40864,0.92676
-8.3466,-8.1633,-0.3351,-1.6198,-0.82465,-7.39,-7.5778,0.32981,-0.16653,-0.73975,0.12855,1.479
-8.2595,-8.1051,-0.21641,-1.4425,-0.70596,-7.394,-7.5815,0.42514,-0.10124,-0.64442,0.22334,1.5743
-6.5649,-6.797,2.5235,2.1235,2.034,-7.4879,-7.6556,2.4029,1.4429,1.2844,2.151,3.3653
-9.2557,-8.7257,-1.471,-3.4382,-1.9606,-7.3515,-7.5396,-0.63277,-0.78497,-1.68,-0.79511,0.53729
-7.7188,-7.7252,0.56498,-0.3308,0.075435,-7.4206,-7.6047,1.0291,0.33179,-0.058166,0.80242,2.1715
-7.0617,-7.216,1.6302,1.052,1.1407,-7.4571,-7.6334,1.796,0.93141,0.69021,1.5519,2.9384
-8.9927,-8.5704,-1.1596,-2.9175,-1.6491,-7.362,-7.5506,-0.35993,-0.61655,-1.4091,-0.52277,0.81014
-8.2362,-8.0894,-0.18436,-1.395,-0.67391,-7.3951,-7.5825,0.45071,-0.083593,-0.61885,0.24891,1.5999
-9.0188,-8.5861,-1.1911,-2.9694,-1.6806,-7.3609,-7.5495,-0.38722,-0.63362,-1.4351,-0.55006,0.78285
-6.7648,-6.9689,2.1551,1.6895,1.6655,-7.4752,-7.6466,2.1557,1.231,1.0432,1.9045,3.1181
-8.1245,-8.0135,-0.028872,-1.1671,-0.51842,-7.4004,-7.5873,0.57377,0.002173,-0.49696,0.37169,1.723
-7.911,-7.8642,0.27793,-0.72845,-0.21162,-7.4108,-7.5964,0.81183,0.17205,-0.26145,0.60098,1.961
-8.4787,-8.2498,-0.51121,-1.8872,-1.0008,-7.384,-7.5722,0.18653,-0.26316,-0.88019,-0.00097573,1.3357
-7.9428,-7.8868,0.23134,-0.79412,-0.2582,-7.4093,-7.595,0.77608,0.1462,-0.2972,0.57237,1.9253
-8.7343,-8.4123,-0.84072,-2.4017,-1.3303,-7.3728,-7.5614,-0.087458,-0.44322,-1.1406,-0.2549,1.0826
-10.415,-9.3575,-2.7234,-5.6874,-3.2129,-7.3094,-7.4922,-1.7875,-1.454,-2.7967,-1.8938,-0.42263
-8.1483,-8.0298,-0.062252,-1.2157,-0.5518,-7.3992,-7.5862,0.54749,-0.016257,-0.52324,0.34541,1.6967
-9,-8.5748,-1.1684,-2.9321,-1.658,-7.3617,-7.5503,-0.36757,-0.62134,-1.4155,-0.53041,0.8025
-8.2143,-8.0747,-0.15423,-1.3506,-0.64378,-7.3961,-7.5834,0.47468,-0.06699,-0.59605,0.27289,1.6239
-7.1528,-7.2897,1.4746,0.85804,0.98505,-7.4518,-7.6294,1.6874,0.84313,0.58526,1.4432,2.8298
-8.3981,-8.1972,-0.40419,-1.7241,-0.89374,-7.3876,-7.5756,0.27386,-0.20447,-0.79287,0.072602,1.4231
-9.4993,-8.8649,-1.7491,-3.9169,-2.2387,-7.3421,-7.5295,-0.88176,-0.93468,-1.9201,-1.0342,0.28831
-8.4218,-8.2127,-0.43586,-1.7722,-0.92541,-7.3865,-7.5746,0.24811,-0.22185,-0.81862,0.046851,1.3973
-6.4779,-6.7207,2.6878,2.3138,2.1982,-7.4936,-7.6595,2.5119,1.5378,1.3884,2.2571,3.4743
-7.0246,-7.1857,1.6943,1.1312,1.2048,-7.4593,-7.6351,1.8405,0.96784,0.73469,1.594,2.8029
-7.4951,-7.5579,0.91279,0.13577,0.42324,-7.4325,-7.6144,1.2859,0.52637,0.19559,1.0489,2.4283
-6.9823,-7.1509,1.7679,1.2217,1.2784,-7.4619,-7.6369,1.8914,1.0097,0.78347,1.6449,2.8538
-8.6726,-8.3736,-0.76248,-2.2779,-1.252,-7.3755,-7.564,-0.021698,-0.40055,-1.0818,-0.19308,1.1484
-9.2642,-8.7306,-1.4808,-3.4549,-1.9704,-7.3512,-7.5393,-0.64149,-0.79028,-1.6888,-0.80383,0.52858
-8.8891,-8.5077,-1.0333,-2.7112,-1.5229,-7.3663,-7.5549,-0.25118,-0.54802,-1.3003,-0.41652,0.91888
-8.5667,-8.3064,-0.6263,-2.0648,-1.1159,-7.3801,-7.5685,0.091715,-0.32616,-0.96842,-0.095794,1.2409
-9.596,-8.9191,-1.8569,-4.1058,-2.3465,-7.3385,-7.5256,-0.97956,-0.99254,-2.0179,-1.1163,0.38532
-8.1397,-8.0238,-0.050145,-1.198,-0.53969,-7.3997,-7.5866,0.55703,-0.0095739,-0.5137,0.35495,1.7062
-8.7016,-8.3919,-0.79935,-2.3361,-1.2889,-7.3742,-7.5628,-0.052636,-0.42067,-1.1058,-0.22401,1.1174
-7.7767,-7.7676,0.47734,-0.45095,-0.012204,-7.4176,-7.6022,0.96332,0.28294,-0.11992,0.73662,2.1057
-9.0599,-8.6106,-1.2403,-3.0509,-1.7299,-7.3593,-7.5478,-0.43002,-0.66029,-1.4779,-0.59287,0.74004
-7.9626,-7.9008,0.20256,-0.83486,-0.28698,-7.4083,-7.5942,0.75392,0.13024,-0.31936,0.55022,1.9031
-9.3689,-8.7909,-1.6015,-3.6611,-2.091,-7.3471,-7.5349,-0.74896,-0.85528,-1.7925,-0.90194,0.4211
-8.0901,-7.9898,0.019753,-1.0966,-0.46979,-7.402,-7.5887,0.61192,0.029039,-0.45881,0.40984,1.7611
-8.6372,-8.3513,-0.71727,-2.2068,-1.2068,-7.377,-7.5655,0.016099,-0.37588,-1.044,-0.15528,1.1862
-9.1579,-8.6685,-1.3566,-3.245,-1.8461,-7.3554,-7.5437,-0.53177,-0.72319,-1.579,-0.69411,0.6383
-8.5623,-8.3036,-0.62063,-2.056,-1.1102,-7.3803,-7.5687,0.096408,-0.32306,-0.96372,-0.091101,1.2456
-8.0379,-7.9536,0.094018,-0.98963,-0.39553,-7.4046,-7.591,0.66987,0.070114,-0.40341,0.46616,1.8191
-8.2918,-8.1268,-0.26064,-1.5083,-0.75019,-7.3925,-7.5801,0.38972,-0.12559,-0.67983,0.18793,1.5389
-8.2506,-8.0992,-0.2043,-1.4246,-0.69385,-7.3944,-7.5819,0.43481,-0.094574,-0.63475,0.23301,1.584
-9.2285,-8.7099,-1.4394,-3.3846,-1.929,-7.3526,-7.5408,-0.6048,-0.76793,-1.6521,-0.76714,0.56526
-7.9586,-7.8979,0.20841,-0.82658,-0.28114,-7.4085,-7.5944,0.75843,0.13348,-0.31486,0.55472,1.9076
-8.1355,-8.021,-0.044376,-1.1896,-0.53392,-7.3999,-7.5868,0.56157,-0.0063888,-0.50916,0.3595,1.7108
-7.3012,-7.4078,1.2266,0.54363,0.73703,-7.4433,-7.6229,1.512,0.70292,0.41567,1.272,2.6544
-6.8586,-7.0481,1.9863,1.4872,1.4968,-7.4694,-7.6424,2.0411,1.1343,0.93324,1.7901,3.0035
-7.9908,-7.9206,0.16174,-0.89285,-0.32781,-7.4069,-7.593,0.7224,0.10762,-0.35088,0.51869,1.8716
-9.8573,-9.0627,-2.1421,-4.6143,-2.6316,-7.3289,-7.5148,-1.2413,-1.1451,-2.266,-1.3646,0.12354
-8.9726,-8.5583,-1.1352,-2.8775,-1.6248,-7.3628,-7.5514,-0.33884,-0.60333,-1.388,-0.50418,0.83123
-8.7761,-8.4383,-0.89325,-2.4855,-1.3828,-7.371,-7.5596,-0.13185,-0.47183,-1.185,-0.29929,1.0382
-8.4833,-8.2528,-0.51738,-1.8967,-1.0069,-7.3838,-7.572,0.18148,-0.26654,-0.88525,-0.0060297,1.3307
-8.5444,-8.2922,-0.59733,-2.0199,-1.0869,-7.3811,-7.5694,0.11567,-0.31031,-0.94446,-0.071835,1.2649
-6.8739,-7.0609,1.959,1.4542,1.4695,-7.4684,-7.6418,2.0225,1.1187,0.91462,1.7714,2.9849
-9.9262,-9.1,-2.2158,-4.7478,-2.7053,-7.3264,-7.512,-1.3097,-1.1844,-2.3284,-1.433,0.055134
-7.1478,-7.2857,1.483,0.86862,0.99349,-7.4521,-7.6296,1.6933,0.84791,0.59117,1.4491,2.8357
-7.8237,-7.8017,0.40692,-0.54828,-0.082624,-7.4152,-7.6002,0.91011,0.24374,-0.17313,0.69925,2.0593
-7.7641,-7.7584,0.49632,-0.42484,0.006775,-7.4183,-7.6027,0.97761,0.29351,-0.10563,0.75091,2.12
-7.8798,-7.842,0.32372,-0.66422,-0.16583,-7.4124,-7.5978,0.84684,0.19748,-0.23641,0.63598,1.996
-8.1027,-7.9985,0.0018448,-1.1225,-0.4877,-7.4014,-7.5882,0.59789,0.019142,-0.47284,0.39581,1.7471
-8.3314,-8.1531,-0.31445,-1.5888,-0.804,-7.3907,-7.5784,0.34646,-0.15518,-0.7231,0.14521,1.4957
-10.976,-9.6412,-3.2783,-6.7516,-3.7679,-7.2909,-7.4697,-2.321,-1.7463,-3.3276,-2.392,-0.55718
-8.8089,-8.4586,-0.93419,-2.5511,-1.4237,-7.3696,-7.5583,-0.16658,-0.49412,-1.2197,-0.33402,1.0035
-8.2957,-8.1294,-0.26603,-1.5163,-0.75558,-7.3923,-7.5799,0.3854,-0.12855,-0.68416,0.18361,1.5346
-7.6132,-7.647,0.72732,-0.11104,0.23777,-7.4262,-7.6093,1.1498,0.42246,0.062533,0.91501,2.2922
-8.3593,-8.1716,-0.3521,-1.6454,-0.84165,-7.3894,-7.5772,0.31607,-0.17587,-0.75349,0.11482,1.4653
-8.4098,-8.2049,-0.4199,-1.7479,-0.90945,-7.3871,-7.5751,0.26109,-0.21309,-0.80563,0.059838,1.4103
-9.0464,-8.6026,-1.2242,-3.0242,-1.7137,-7.3598,-7.5483,-0.41598,-0.65155,-1.4639,-0.57882,0.75408
-8.95,-8.5447,-1.1078,-2.8325,-1.5973,-7.3638,-7.5524,-0.31516,-0.58844,-1.3643,-0.4805,0.8549
-7.7403,-7.741,0.53229,-0.3755,0.042739,-7.4195,-7.6038,1.0046,0.31355,-0.082662,0.77793,2.147
-9.4174,-8.8185,-1.6566,-3.7562,-2.1461,-7.3452,-7.5329,-0.79839,-0.88495,-1.842,-0.95086,0.37167
-7.5084,-7.5679,0.89181,0.10807,0.40226,-7.4318,-7.6138,1.2706,0.5146,0.18029,1.0336,2.413
-8.9923,-8.5702,-1.1591,-2.9167,-1.6486,-7.362,-7.5506,-0.35949,-0.61628,-1.4086,-0.52234,0.81057
-8.7771,-8.4389,-0.89441,-2.4874,-1.384,-7.371,-7.5596,-0.13283,-0.47247,-1.186,-0.30027,1.0372
-8.26,-8.1055,-0.21723,-1.4437,-0.70677,-7.394,-7.5815,0.42448,-0.10169,-0.64508,0.22269,1.5737
-7.7977,-7.7828,0.4458,-0.49446,-0.043748,-7.4166,-7.6013,0.93952,0.26537,-0.14372,0.72867,2.0819
-8.4299,-8.218,-0.44661,-1.7885,-0.93616,-7.3862,-7.5743,0.23935,-0.22775,-0.82738,0.038089,1.3886
-8.8397,-8.4775,-0.97235,-2.6125,-1.4619,-7.3683,-7.557,-0.19906,-0.51488,-1.2482,-0.3665,0.971
-8.4136,-8.2073,-0.4249,-1.7555,-0.91445,-7.3869,-7.5749,0.25703,-0.21584,-0.8097,0.055771,1.4062
-8.2671,-8.1102,-0.2269,-1.4581,-0.71645,-7.3936,-7.5812,0.41675,-0.10702,-0.65281,0.21495,1.566
-7.5694,-7.6141,0.79566,-0.019585,0.30611,-7.4285,-7.6112,1.2002,0.46071,0.10987,0.96537,2.3426
-7.6803,-7.6969,0.62374,-0.25084,0.1342,-7.4226,-7.6064,1.073,0.36458,-0.014299,0.84629,2.2154
-9.1488,-8.6632,-1.3459,-3.227,-1.8354,-7.3557,-7.5441,-0.52237,-0.71741,-1.5703,-0.68472,0.64769
-10.234,-9.2632,-2.538,-5.3403,-3.0276,-7.3156,-7.4995,-1.6118,-1.3558,-2.6234,-1.7265,-0.24688
-8.1938,-8.0608,-0.1258,-1.3087,-0.61535,-7.3971,-7.5843,0.49725,-0.051318,-0.57348,0.29545,1.6465
-7.5057,-7.5659,0.896,0.11361,0.40645,-7.432,-7.614,1.2737,0.51695,0.18335,1.0366,2.4161
-10.922,-9.6141,-3.2256,-6.6489,-3.7151,-7.2926,-7.4718,-2.2698,-1.7186,-3.2765,-2.3408,-0.50605
-7.7145,-7.7221,0.57154,-0.32186,0.081988,-7.4209,-7.6049,1.034,0.33544,-0.053264,0.80733,2.1764
-7.6275,-7.6576,0.70521,-0.14075,0.21566,-7.4254,-7.6087,1.1335,0.4101,0.046186,0.89866,2.2759
-8.428,-8.2168,-0.44412,-1.7847,-0.93366,-7.3863,-7.5743,0.24138,-0.22638,-0.82535,0.040122,1.3906
-7.672,-7.6907,0.63655,-0.23348,0.147,-7.4231,-7.6067,1.0825,0.37173,-0.0047699,0.85582,2.2249
-7.7408,-7.7413,0.53167,-0.37634,0.042125,-7.4195,-7.6038,1.0042,0.31321,-0.083123,0.77747,2.1466
-8.9392,-8.5381,-1.0946,-2.811,-1.5842,-7.3642,-7.5528,-0.30383,-0.5813,-1.353,-0.46916,0.86624
-7.26,-7.3753,1.2948,0.63073,0.80521,-7.4456,-7.6247,1.5605,0.7414,0.45837,1.3169,2.7029
-7.2804,-7.3913,1.261,0.58768,0.77147,-7.4445,-7.6238,1.5365,0.72235,0.4344,1.2965,2.6789
-7.905,-7.86,0.28663,-0.71622,-0.20292,-7.4111,-7.5967,0.81849,0.17688,-0.26475,0.60764,1.9677
-7.624,-7.655,0.71057,-0.13355,0.22102,-7.4256,-7.6088,1.1374,0.4131,0.05015,0.90263,2.2798
-8.1338,-8.0198,-0.041919,-1.1861,-0.53147,-7.3999,-7.5869,0.56351,-0.005032,-0.50722,0.36143,1.7127
-8.8292,-8.471,-0.95934,-2.5916,-1.4489,-7.3688,-7.5574,-0.18798,-0.5078,-1.2411,-0.35542,0.98208
-8.055,-7.9655,0.069594,-1.0247,-0.41995,-7.4037,-7.5902,0.65085,0.0566,-0.42243,0.44877,1.8001
-7.8017,-7.7857,0.4399,-0.50261,-0.049649,-7.4164,-7.6011,0.93507,0.26209,-0.14818,0.72421,2.0843
-8.5601,-8.3023,-0.61782,-2.0516,-1.1074,-7.3804,-7.5687,0.098736,-0.32152,-0.9614,-0.088774,1.2479
-8.0763,-7.9802,0.039334,-1.0683,-0.45021,-7.4027,-7.5893,0.62723,0.039864,-0.4435,0.42516,1.7764
-8.8572,-8.4883,-0.99408,-2.6476,-1.4836,-7.3676,-7.5562,-0.21761,-0.5267,-1.2667,-0.38295,0.95245
-7.8153,-7.7955,0.41954,-0.53079,-0.070007,-7.4157,-7.6005,0.91967,0.25076,-0.16358,0.70881,2.0689
-8.9145,-8.5232,-1.0645,-2.7618,-1.554,-7.3652,-7.5538,-0.27789,-0.56493,-1.327,-0.44323,0.89217
-7.7514,-7.7491,0.51555,-0.39843,0.026006,-7.4189,-7.6033,0.99207,0.30423,-0.095224,0.76537,2.1345
-8.4786,-8.2498,-0.51119,-1.8872,-1.0007,-7.384,-7.5722,0.18655,-0.26315,-0.88018,-0.00095735,1.3358
-7.5753,-7.6185,0.78648,-0.031823,0.29694,-7.4282,-7.6109,1.1934,0.45558,0.10313,0.95862,2.3358
-8.4154,-8.2085,-0.42729,-1.7591,-0.91684,-7.3868,-7.5749,0.25508,-0.21715,-0.81164,0.053828,1.4043
-9.4108,-8.8148,-1.6492,-3.7434,-2.1387,-7.3455,-7.5332,-0.79171,-0.88095,-1.8353,-0.94469,0.37835
-7.6126,-7.6465,0.72822,-0.10983,0.23867,-7.4262,-7.6093,1.1505,0.42297,0.063199,0.91567,2.2929
-9.2995,-8.751,-1.5217,-3.5244,-2.0112,-7.3498,-7.5378,-0.67778,-0.8123,-1.7251,-0.83075,0.49229
-8.0343,-7.951,0.099284,-0.98208,-0.39026,-7.4047,-7.5911,0.67397,0.073028,-0.39932,0.47026,1.8232
-7.8952,-7.853,0.30103,-0.69601,-0.18852,-7.4116,-7.5971,0.82951,0.18488,-0.25374,0.61865,1.9787
-8.7431,-8.4178,-0.85178,-2.4193,-1.3413,-7.3724,-7.561,-0.096787,-0.44925,-1.1499,-0.26422,1.0733
-9.0751,-8.6196,-1.2585,-3.0811,-1.748,-7.3587,-7.5471,-0.44585,-0.67012,-1.4938,-0.6087,0.72421
-8.8727,-8.4977,-1.0132,-2.6785,-1.5027,-7.367,-7.5556,-0.23393,-0.53707,-1.2831,-0.39927,0.93613
-9.2238,-8.7071,-1.4339,-3.3753,-1.9235,-7.3527,-7.5409,-0.59995,-0.76496,-1.6472,-0.76229,0.57012
-8.7026,-8.3925,-0.80058,-2.3381,-1.2901,-7.3742,-7.5627,-0.053665,-0.42134,-1.1068,-0.22504,1.1164
-9.0732,-8.6185,-1.2562,-3.0773,-1.7457,-7.3587,-7.5472,-0.44387,-0.66889,-1.4918,-0.60672,0.72619
-10.045,-9.1636,-2.3415,-4.9773,-2.8311,-7.3222,-7.5072,-1.427,-1.2514,-2.4457,-1.5469,-0.062146
-7.7319,-7.7349,0.54505,-0.35802,0.055506,-7.42,-7.6041,1.0142,0.32067,-0.073089,0.7875,2.1566
-7.3045,-7.4103,1.2212,0.53677,0.73168,-7.4431,-7.6227,1.5082,0.6999,0.41186,1.2682,2.6506
-8.9582,-8.5496,-1.1178,-2.8489,-1.6073,-7.3634,-7.552,-0.32377,-0.59386,-1.3729,-0.48911,0.84629
-9.154,-8.6663,-1.352,-3.2373,-1.8416,-7.3555,-7.5439,-0.52776,-0.72073,-1.575,-0.69011,0.6423
-9.1507,-8.6643,-1.3481,-3.2308,-1.8377,-7.3556,-7.544,-0.52434,-0.71862,-1.5716,-0.68668,0.64573
-6.9746,-7.1446,1.7813,1.2381,1.2918,-7.4623,-7.6373,1.9007,1.0174,0.79274,1.6541,2.863
-7.711,-7.7195,0.57683,-0.31464,0.087278,-7.421,-7.605,1.038,0.33839,-0.049308,0.81128,2.1804
-8.2206,-8.0789,-0.16286,-1.3633,-0.65241,-7.3958,-7.5832,0.46782,-0.071745,-0.60291,0.26603,1.617
-8.7848,-8.4436,-0.90402,-2.5027,-1.3936,-7.3707,-7.5593,-0.14098,-0.4777,-1.1941,-0.30842,1.0291
-7.4087,-7.4915,1.0513,0.31725,0.56175,-7.4373,-7.6182,1.3863,0.60418,0.28998,1.1493,2.5287
-8.477,-8.2487,-0.50909,-1.884,-0.99864,-7.3841,-7.5723,0.18828,-0.262,-0.87845,0.000767,1.3375
-7.7276,-7.7317,0.55165,-0.349,0.062107,-7.4202,-7.6043,1.0192,0.32435,-0.068144,0.79245,2.1615
-8.109,-8.0028,-0.0070325,-1.1354,-0.49658,-7.4011,-7.5879,0.59092,0.014237,-0.47981,0.38885,1.7401
-8.3068,-8.1368,-0.28111,-1.5389,-0.77065,-7.3918,-7.5795,0.3733,-0.13684,-0.69626,0.17204,1.5225
-9.1368,-8.6561,-1.3317,-3.2033,-1.8213,-7.3562,-7.5446,-0.50993,-0.70975,-1.5578,-0.67227,0.66013
-6.5833,-6.813,2.4891,2.0834,1.9996,-7.4867,-7.6548,2.38,1.423,1.2615,2.128,3.3424
-9.0912,-8.6292,-1.2776,-3.1129,-1.7672,-7.358,-7.5465,-0.46257,-0.68049,-1.5105,-0.62542,0.70749
-9.6735,-8.9621,-1.9425,-4.2571,-2.432,-7.3356,-7.5224,-1.0576,-1.0384,-2.0883,-1.1943,0.30726
-8.4709,-8.2447,-0.50097,-1.8715,-0.99051,-7.3843,-7.5725,0.19493,-0.25755,-0.8718,0.0074208,1.3441
-8.5205,-8.2768,-0.56611,-1.9716,-1.0557,-7.3821,-7.5704,0.14142,-0.29323,-0.92531,-0.046088,1.2906
-9.0398,-8.5986,-1.2163,-3.0111,-1.7058,-7.3601,-7.5486,-0.40911,-0.64727,-1.457,-0.57195,0.76096
-7.7793,-7.7695,0.47341,-0.45636,-0.016134,-7.4175,-7.6021,0.96036,0.28075,-0.12288,0.73366,2.1028
-8.5949,-8.3245,-0.66287,-2.1217,-1.1524,-7.3788,-7.5673,0.061388,-0.34616,-0.99874,-0.10999,1.2106
-7.9233,-7.873,0.25986,-0.75388,-0.22968,-7.4102,-7.5959,0.79798,0.16202,-0.2753,0.59428,1.9472
-7.175,-7.3075,1.4371,0.81094,0.94756,-7.4505,-7.6284,1.6611,0.8219,0.55893,1.4174,2.8035
-9.494,-8.8619,-1.7432,-3.9065,-2.2327,-7.3423,-7.5298,-0.87638,-0.93148,-1.9147,-1.0288,0.29368
-7.8996,-7.8561,0.29464,-0.70497,-0.1949,-7.4114,-7.5969,0.82463,0.18133,-0.25862,0.61377,1.9738
-7.0432,-7.2009,1.6622,1.0916,1.1726,-7.4582,-7.6343,1.8183,0.94958,0.71242,1.5741,2.7806
-7.9954,-7.9239,0.15507,-0.90236,-0.33448,-7.4067,-7.5928,0.71724,0.10392,-0.35604,0.51353,1.8664
-7.8378,-7.8118,0.38595,-0.57742,-0.1036,-7.4145,-7.5996,0.8942,0.23207,-0.18904,0.68334,2.0434
-8.4815,-8.2516,-0.51489,-1.8929,-1.0044,-7.3839,-7.5721,0.18352,-0.26518,-0.88321,-0.0039905,1.3327
-7.7635,-7.7579,0.49729,-0.4235,0.0077456,-7.4183,-7.6028,0.97834,0.29405,-0.1049,0.75164,2.1207
-7.7547,-7.7515,0.51054,-0.4053,0.020995,-7.4188,-7.6031,0.98831,0.30143,-0.098989,0.7616,2.1307
-8.6191,-8.3398,-0.69401,-2.1703,-1.1836,-7.3778,-7.5663,0.03549,-0.36317,-1.0246,-0.13589,1.1847
-7.6701,-7.6893,0.63947,-0.22952,0.14992,-7.4232,-7.6068,1.0847,0.37336,-0.0025966,0.85799,2.2271
-9.9241,-9.0988,-2.2135,-4.7437,-2.7031,-7.3265,-7.5121,-1.3076,-1.1832,-2.3263,-1.4309,0.057241
-7.1137,-7.2582,1.541,0.94111,1.0515,-7.4541,-7.6311,1.7339,0.88077,0.62805,1.4897,2.8763
-9.0672,-8.6149,-1.249,-3.0653,-1.7386,-7.359,-7.5475,-0.43761,-0.665,-1.4855,-0.60045,0.73246
-8.4105,-8.2054,-0.42087,-1.7494,-0.91042,-7.3871,-7.5751,0.2603,-0.21363,-0.80642,0.059047,1.4095
-8.6269,-8.3448,-0.70411,-2.1862,-1.1937,-7.3774,-7.5659,0.027079,-0.36869,-1.0331,-0.1443,1.1971
-8.7789,-8.44,-0.89665,-2.4909,-1.3862,-7.3709,-7.5595,-0.13473,-0.47369,-1.1879,-0.30217,1.0353
-6.5664,-6.7982,2.5209,2.1204,2.0313,-7.4878,-7.6555,2.4011,1.4414,1.2827,2.1492,3.3635
-8.7203,-8.4036,-0.82308,-2.3737,-1.3126,-7.3734,-7.562,-0.072594,-0.43361,-1.1257,-0.24003,1.0975
-8.2054,-8.0686,-0.14181,-1.3323,-0.63136,-7.3965,-7.5838,0.48455,-0.060143,-0.58618,0.28275,1.6338
-8.2988,-8.1314,-0.27017,-1.5225,-0.75972,-7.3922,-7.5798,0.38208,-0.13083,-0.68748,0.18028,1.5313
-8.9172,-8.5248,-1.0678,-2.7672,-1.5573,-7.3651,-7.5537,-0.28073,-0.56673,-1.3299,-0.44607,0.88933
-9.2752,-8.737,-1.4937,-3.4767,-1.9832,-7.3507,-7.5388,-0.65287,-0.79719,-1.7001,-0.80584,0.5172
-9.9707,-9.1238,-2.263,-4.8337,-2.7526,-7.3248,-7.5102,-1.3537,-1.2096,-2.3724,-1.477,0.01117
-8.2592,-8.105,-0.21608,-1.442,-0.70563,-7.394,-7.5815,0.4254,-0.10106,-0.64416,0.2236,1.5746
-8.993,-8.5706,-1.1599,-2.918,-1.6494,-7.362,-7.5506,-0.36018,-0.61671,-1.4093,-0.52302,0.80989
-8.8999,-8.5143,-1.0466,-2.7327,-1.5361,-7.3658,-7.5545,-0.26252,-0.55521,-1.3117,-0.42786,0.90754
-9.9648,-9.1207,-2.2568,-4.8224,-2.7464,-7.325,-7.5105,-1.3479,-1.2063,-2.3666,-1.4712,0.016949
-7.432,-7.5095,1.0138,0.26829,0.5242,-7.436,-7.6172,1.3592,0.58307,0.26286,1.1222,2.5016
-9.7205,-8.988,-1.9939,-4.3485,-2.4834,-7.3339,-7.5205,-1.1048,-1.0659,-2.1354,-1.2368,0.26013
-6.5167,-6.7548,2.6144,2.229,2.1248,-7.491,-7.6578,2.4633,1.4953,1.3398,2.2085,3.4256
-10.09,-9.1873,-2.3883,-5.0632,-2.8779,-7.3206,-7.5054,-1.4708,-1.2763,-2.4825,-1.5907,-0.10597
-8.0468,-7.9598,0.081296,-1.0079,-0.40825,-7.4041,-7.5906,0.65997,0.063074,-0.41332,0.45789,1.8092
-10.352,-9.3249,-2.6594,-5.5671,-3.149,-7.3115,-7.4947,-1.7267,-1.4201,-2.7361,-1.833,-0.36182
-7.9553,-7.8956,0.21314,-0.81987,-0.27641,-7.4086,-7.5945,0.76207,0.1361,-0.31121,0.55836,1.9113
-9.1359,-8.6556,-1.3307,-3.2016,-1.8202,-7.3562,-7.5446,-0.50904,-0.7092,-1.5569,-0.67138,0.66102
-8.2008,-8.0655,-0.13546,-1.3229,-0.62501,-7.3968,-7.584,0.48959,-0.056642,-0.58114,0.28779,1.6388
-7.7278,-7.7318,0.55132,-0.34945,0.061776,-7.4202,-7.6043,1.0189,0.32417,-0.068391,0.7922,2.1613
-8.9559,-8.5483,-1.115,-2.8443,-1.6045,-7.3635,-7.5521,-0.32138,-0.59235,-1.3705,-0.48671,0.84869
-8.154,-8.0337,-0.070233,-1.2273,-0.55978,-7.399,-7.586,0.5412,-0.020663,-0.52953,0.33912,1.6904
-9.0749,-8.6195,-1.2583,-3.0807,-1.7478,-7.3587,-7.5471,-0.44569,-0.67002,-1.4936,-0.60853,0.72438
-7.2571,-7.3729,1.2997,0.63699,0.81013,-7.4458,-7.6248,1.564,0.74418,0.46186,1.3203,2.7064
-7.4377,-7.5138,1.0046,0.25635,0.51507,-7.4357,-7.6169,1.3526,0.57794,0.25625,1.1156,2.495
-8.9046,-8.5171,-1.0523,-2.742,-1.5418,-7.3656,-7.5543,-0.26745,-0.55833,-1.3166,-0.43279,0.90261
-6.2922,-6.5557,3.0455,2.7224,2.5559,-7.5059,-7.6679,2.7471,1.7455,1.6165,2.4849,3.6994
-10.509,-9.4057,-2.818,-5.8662,-3.3075,-7.3062,-7.4884,-1.8777,-1.504,-2.8869,-1.9746,-0.51281
-7.5051,-7.5654,0.89696,0.11487,0.40741,-7.432,-7.614,1.2744,0.51749,0.18405,1.0373,2.4168
-8.0864,-7.9872,0.02493,-1.0891,-0.46462,-7.4022,-7.5889,0.61597,0.031901,-0.45476,0.41389,1.7652
-8.584,-8.3175,-0.64877,-2.0997,-1.1383,-7.3793,-7.5677,0.073092,-0.33845,-0.98704,-0.098285,1.2223
-7.828,-7.8047,0.40064,-0.557,-0.088905,-7.415,-7.6,0.90535,0.24024,-0.17789,0.69449,2.0546
-7.5289,-7.5835,0.8593,0.065045,0.36975,-7.4307,-7.6129,1.2469,0.49637,0.15654,1.012,2.3893
-5.7074,-6.0159,4.2353,4.0356,3.7457,-7.5471,-7.6948,3.5151,2.4462,2.3729,3.224,4.4673
-8.8144,-8.462,-0.94104,-2.5621,-1.4306,-7.3694,-7.558,-0.17241,-0.49785,-1.2255,-0.33984,0.99766
-7.6299,-7.6594,0.70146,-0.14581,0.21191,-7.4253,-7.6086,1.1307,0.408,0.043405,0.89588,2.2731
-7.3967,-7.4822,1.0707,0.34254,0.58119,-7.4379,-7.6187,1.4003,0.61512,0.304,1.1603,2.5427
-8.2364,-8.0896,-0.18468,-1.3955,-0.67423,-7.3951,-7.5825,0.45046,-0.083767,-0.6191,0.24866,1.5997
-8.1004,-7.9969,0.0050989,-1.1178,-0.48445,-7.4015,-7.5883,0.60044,0.02094,-0.47029,0.39836,1.7496
-7.2902,-7.3991,1.2447,0.56686,0.75518,-7.4439,-7.6234,1.5249,0.71315,0.42281,1.2849,2.6673
-8.5849,-8.3181,-0.64993,-2.1015,-1.1395,-7.3793,-7.5677,0.07213,-0.33908,-0.988,-0.099247,1.2213
-7.8382,-7.8121,0.38539,-0.57819,-0.10416,-7.4145,-7.5995,0.89378,0.23176,-0.18947,0.68292,2.043
-7.4538,-7.5262,0.97874,0.22248,0.4892,-7.4348,-7.6162,1.3339,0.5634,0.24353,1.0968,2.4762
-7.9487,-7.891,0.22277,-0.80624,-0.26678,-7.409,-7.5948,0.76949,0.14145,-0.3038,0.56578,1.9187
-8.4755,-8.2478,-0.5071,-1.8809,-0.99665,-7.3841,-7.5723,0.1899,-0.26091,-0.87683,0.0023919,1.3391
-8.0673,-7.974,0.052175,-1.0498,-0.43737,-7.4031,-7.5897,0.63726,0.046965,-0.43347,0.43519,1.7865
-9.9428,-9.1089,-2.2334,-4.7798,-2.723,-7.3258,-7.5114,-1.3261,-1.1938,-2.3448,-1.4494,0.038741
-7.6698,-7.6891,0.63997,-0.22884,0.15042,-7.4232,-7.6068,1.0851,0.37364,-0.002223,0.85837,2.2275
-6.939,-7.1151,1.8438,1.3144,1.3542,-7.4645,-7.6389,1.9436,1.053,0.83568,1.6971,2.906
-8.9925,-8.5703,-1.1593,-2.9171,-1.6489,-7.362,-7.5506,-0.35971,-0.61642,-1.4088,-0.52256,0.81035
-8.7707,-8.4349,-0.88646,-2.4747,-1.376,-7.3713,-7.5599,-0.1261,-0.46814,-1.1792,-0.29354,1.044
-8.9048,-8.5173,-1.0526,-2.7424,-1.5421,-7.3656,-7.5543,-0.26768,-0.55847,-1.3168,-0.43301,0.90239
-9.1512,-8.6646,-1.3488,-3.2318,-1.8383,-7.3556,-7.544,-0.52489,-0.71896,-1.5722,-0.68723,0.64517
-7.6532,-7.6767,0.66554,-0.19424,0.176,-7.4241,-7.6075,1.1041,0.38793,0.016782,0.86926,2.2465
-8.2085,-8.0708,-0.1462,-1.3387,-0.63575,-7.3964,-7.5837,0.48106,-0.062564,-0.58967,0.27927,1.6303
-8.65,-8.3594,-0.73369,-2.2326,-1.2232,-7.3764,-7.5649,0.0023852,-0.38484,-1.0577,-0.16899,1.1724
-8.795,-8.45,-0.91687,-2.5233,-1.4064,-7.3702,-7.5589,-0.15187,-0.48469,-1.205,-0.31931,1.0182
-8.9237,-8.5288,-1.0757,-2.7801,-1.5652,-7.3649,-7.5535,-0.28755,-0.57104,-1.3367,-0.45289,0.88251
-7.7286,-7.7324,0.55013,-0.35108,0.060581,-7.4201,-7.6043,1.018,0.3235,-0.069286,0.7913,2.1604
-8.448,-8.2298,-0.47065,-1.8252,-0.9602,-7.3854,-7.5735,0.21972,-0.24093,-0.847,0.032215,1.3689
-8.39,-8.1919,-0.39341,-1.7078,-0.88296,-7.388,-7.5759,0.28261,-0.19856,-0.78412,0.081355,1.4318
-8.3454,-8.1624,-0.33336,-1.6172,-0.82291,-7.39,-7.5778,0.33121,-0.16557,-0.73835,0.12995,1.4804
-7.3163,-7.4196,1.2018,0.51186,0.71227,-7.4424,-7.6222,1.4944,0.68895,0.39801,1.2544,2.6368
-8.4994,-8.2632,-0.53852,-1.9291,-1.0281,-7.3831,-7.5713,0.16412,-0.27812,-0.90261,-0.023389,1.3133
-8.6217,-8.3415,-0.69733,-2.1755,-1.1869,-7.3777,-7.5661,0.032726,-0.36498,-1.0274,-0.13865,1.2028
-7.9429,-7.8869,0.23123,-0.79429,-0.25832,-7.4092,-7.595,0.77599,0.14614,-0.29729,0.57228,1.9252
-8.8659,-8.4935,-1.0047,-2.6648,-1.4943,-7.3673,-7.5559,-0.2267,-0.53248,-1.2758,-0.39203,0.94337
-8.4244,-8.2144,-0.43934,-1.7774,-0.92889,-7.3864,-7.5745,0.24527,-0.22376,-0.82145,0.044017,1.3945
-8.7199,-8.4033,-0.82255,-2.3729,-1.3121,-7.3734,-7.562,-0.072143,-0.43331,-1.1253,-0.23958,1.0979
-7.8609,-7.8284,0.35167,-0.62516,-0.13788,-7.4134,-7.5986,0.86814,0.21301,-0.2151,0.65728,2.0173
-7.227,-7.3491,1.3497,0.70059,0.86019,-7.4475,-7.6261,1.5995,0.77247,0.49732,1.3558,2.7418
-8.4127,-8.2068,-0.42379,-1.7538,-0.91334,-7.387,-7.575,0.25793,-0.21523,-0.8088,0.056671,1.4071
-7.5598,-7.6069,0.81071,0.00048634,0.32117,-7.429,-7.6116,1.2113,0.46914,0.12093,0.97643,2.3536
-8.339,-8.1582,-0.32471,-1.6042,-0.81426,-7.3903,-7.5781,0.33819,-0.16082,-0.73137,0.13693,1.4874
-7.5227,-7.5788,0.86907,0.077985,0.37952,-7.431,-7.6132,1.254,0.50185,0.16368,1.017,2.3964
-8.8107,-8.4596,-0.93634,-2.5546,-1.4259,-7.3696,-7.5582,-0.16841,-0.49529,-1.2216,-0.33585,1.0017
-8.3792,-8.1848,-0.37891,-1.6858,-0.86846,-7.3885,-7.5764,0.29437,-0.19059,-0.77236,0.093115,1.4436
-7.6345,-7.6628,0.69441,-0.1553,0.20486,-7.4251,-7.6084,1.1255,0.40406,0.038187,0.89066,2.2679
-7.8497,-7.8203,0.36837,-0.60187,-0.12117,-7.4139,-7.5991,0.88085,0.2223,-0.20239,0.66999,2.0301
-6.7619,-6.9664,2.1603,1.6957,1.6707,-7.4754,-7.6467,2.1593,1.2339,1.0467,1.908,3.1216
-8.2597,-8.1053,-0.21679,-1.4431,-0.70634,-7.394,-7.5815,0.42483,-0.10145,-0.64473,0.22303,1.574
-8.2863,-8.1231,-0.25315,-1.4971,-0.7427,-7.3928,-7.5804,0.39573,-0.12147,-0.67383,0.19393,1.5449
-7.3917,-7.4783,1.0788,0.35296,0.58922,-7.4382,-7.6189,1.4061,0.61963,0.30978,1.1661,2.5485
-9.6675,-8.9588,-1.9358,-4.2453,-2.4254,-7.3358,-7.5226,-1.0516,-1.0348,-2.0822,-1.1883,0.31332
-8.0044,-7.9302,0.14212,-0.92083,-0.34743,-7.4062,-7.5924,0.70721,0.096743,-0.36607,0.5035,1.8564
-6.3106,-6.5721,3.0097,2.6819,2.5201,-7.5047,-7.6671,2.7237,1.7246,1.5931,2.4615,3.676
-8.2595,-8.1052,-0.21653,-1.4427,-0.70608,-7.394,-7.5815,0.42504,-0.10131,-0.64452,0.22324,1.5742
-8.7206,-8.4038,-0.82344,-2.3743,-1.313,-7.3734,-7.562,-0.072894,-0.4338,-1.126,-0.24033,1.0972
-7.0863,-7.236,1.588,0.99966,1.0985,-7.4557,-7.6323,1.7667,0.90745,0.66086,1.5225,2.9091
-9.5408,-8.8882,-1.7955,-3.998,-2.2851,-7.3406,-7.5278,-0.92378,-0.9596,-1.9621,-1.0763,0.24628
-7.7084,-7.7176,0.58081,-0.30921,0.091263,-7.4212,-7.6052,1.041,0.34062,-0.04633,0.81426,2.1834
-8.0885,-7.9887,0.021998,-1.0933,-0.46755,-7.4021,-7.5888,0.61367,0.03028,-0.45706,0.4116,1.7629
-6.4871,-6.7289,2.6703,2.2936,2.1807,-7.4929,-7.6591,2.5003,1.5277,1.3769,2.2455,3.4627
-7.8693,-7.8344,0.3393,-0.64243,-0.15025,-7.4129,-7.5982,0.85872,0.20614,-0.22453,0.64786,2.0079
-7.7222,-7.7277,0.55984,-0.33781,0.070296,-7.4205,-7.6046,1.0253,0.32892,-0.062012,0.79858,2.1677
-9.7757,-9.0183,-2.054,-4.456,-2.5436,-7.3319,-7.5182,-1.1601,-1.0981,-2.1847,-1.2921,0.20483
-6.9043,-7.0863,1.905,1.3889,1.4155,-7.4666,-7.6404,1.9856,1.0879,0.8777,1.7345,2.948
-8.7518,-8.4232,-0.86273,-2.4368,-1.3523,-7.3721,-7.5607,-0.10604,-0.45522,-1.1592,-0.27347,1.064
-8.7209,-8.4039,-0.82381,-2.3749,-1.3134,-7.3734,-7.562,-0.07321,-0.43401,-1.1264,-0.24065,1.0969
-6.4872,-6.7289,2.6701,2.2935,2.1806,-7.4929,-7.6591,2.5002,1.5276,1.3768,2.2455,3.4626
-7.4025,-7.4867,1.0613,0.33026,0.57175,-7.4376,-7.6185,1.3935,0.60981,0.29719,1.1535,2.5359
-8.4573,-8.2359,-0.48305,-1.8441,-0.97259,-7.3849,-7.5731,0.2096,-0.24773,-0.85713,0.022088,1.3588
-9.2724,-8.7354,-1.4904,-3.4712,-1.98,-7.3508,-7.5389,-0.65001,-0.79545,-1.6973,-0.80298,0.52005
-7.372,-7.4631,1.1108,0.39445,0.62121,-7.4393,-7.6198,1.4291,0.63764,0.33279,1.1891,2.5715
-8.3427,-8.1606,-0.3297,-1.6117,-0.81925,-7.3902,-7.578,0.33417,-0.16356,-0.73539,0.13291,1.4834
-9.7192,-8.9873,-1.9925,-4.346,-2.482,-7.3339,-7.5205,-1.1035,-1.0651,-2.1341,-1.2355,0.26142
-6.8009,-6.9995,2.0898,1.6115,1.6002,-7.4729,-7.645,2.1115,1.1935,0.999,1.8604,3.0739
-7.4375,-7.5137,1.0049,0.25671,0.51534,-7.4357,-7.6169,1.3528,0.57809,0.25645,1.1157,2.4952
-8.2977,-8.1307,-0.26866,-1.5203,-0.75821,-7.3922,-7.5799,0.38329,-0.13,-0.68627,0.18149,1.5325
-7.1636,-7.2984,1.4564,0.8352,0.96686,-7.4512,-7.6289,1.6746,0.83283,0.57249,1.431,2.817
-8.5244,-8.2793,-0.57129,-1.9796,-1.0608,-7.3819,-7.5703,0.13716,-0.29606,-0.92957,-0.050354,1.2864
-8.0732,-7.9781,0.043669,-1.062,-0.44588,-7.4029,-7.5894,0.63062,0.042261,-0.44011,0.42854,1.7798
-8.5171,-8.2747,-0.56177,-1.9649,-1.0513,-7.3823,-7.5706,0.145,-0.29085,-0.92173,-0.042511,1.2942
-8.266,-8.1095,-0.22537,-1.4558,-0.71492,-7.3937,-7.5812,0.41797,-0.10618,-0.65159,0.21617,1.5672
-9.6105,-8.9272,-1.873,-4.1342,-2.3626,-7.3379,-7.525,-0.99422,-1.0012,-2.0326,-1.1309,0.37066
-6.1236,-6.4029,3.3789,3.0969,2.8893,-7.5174,-7.6756,2.9642,1.9403,1.8305,2.693,3.9165
-8.6483,-8.3583,-0.73152,-2.2292,-1.2211,-7.3765,-7.565,0.0042027,-0.38366,-1.0559,-0.16717,1.1743
-9.408,-8.8132,-1.646,-3.7379,-2.1356,-7.3456,-7.5333,-0.78888,-0.87925,-1.8325,-0.94186,0.38118
-8.8048,-8.456,-0.92898,-2.5428,-1.4185,-7.3698,-7.5584,-0.16216,-0.49129,-1.2153,-0.3296,1.0079
-9.9128,-9.0927,-2.2014,-4.7217,-2.691,-7.3269,-7.5126,-1.2964,-1.1767,-2.3211,-1.4196,0.068485
-7.947,-7.8898,0.22523,-0.80276,-0.26431,-7.409,-7.5949,0.77138,0.14281,-0.3019,0.56767,1.9206
-8.258,-8.1041,-0.21434,-1.4394,-0.70389,-7.3941,-7.5816,0.42679,-0.10011,-0.64277,0.22499,1.576
-8.2692,-8.1117,-0.22981,-1.4624,-0.71936,-7.3935,-7.5811,0.41442,-0.10862,-0.65514,0.21263,1.5636
-7.0126,-7.1758,1.7152,1.1569,1.2256,-7.46,-7.6356,1.855,0.9797,0.74912,1.6084,2.8173
-8.064,-7.9717,0.056797,-1.0431,-0.43275,-7.4033,-7.5898,0.64087,0.049521,-0.43241,0.43879,1.7901
-7.7195,-7.7257,0.56401,-0.33213,0.07446,-7.4206,-7.6047,1.0284,0.33124,-0.058895,0.80169,2.1708
-8.4238,-8.2141,-0.43858,-1.7763,-0.92813,-7.3865,-7.5745,0.24589,-0.22334,-0.82084,0.044633,1.3951
-7.8203,-7.7992,0.41201,-0.54123,-0.077538,-7.4154,-7.6003,0.91396,0.24657,-0.16928,0.70311,2.0632
-8.7631,-8.4302,-0.87687,-2.4593,-1.3664,-7.3716,-7.5602,-0.11799,-0.46292,-1.1711,-0.28543,1.0521
-8.6532,-8.3614,-0.7377,-2.2389,-1.2272,-7.3763,-7.5648,-0.00096373,-0.38703,-1.0611,-0.17234,1.1691
-9.903,-9.0874,-2.191,-4.7027,-2.6805,-7.3273,-7.513,-1.2867,-1.1712,-2.3114,-1.4099,0.078203
-8.6889,-8.3839,-0.78331,-2.3107,-1.2729,-7.3748,-7.5633,-0.039161,-0.41192,-1.0923,-0.21054,1.1309
-9.3125,-8.7585,-1.5367,-3.55,-2.0262,-7.3493,-7.5373,-0.69112,-0.82038,-1.7347,-0.8441,0.47894
-8.5353,-8.2864,-0.58555,-2.0017,-1.0751,-7.3815,-7.5698,0.12539,-0.30387,-0.93474,-0.062115,1.2746
-7.6691,-7.6886,0.64094,-0.22753,0.15139,-7.4232,-7.6069,1.0858,0.37418,-0.0015033,0.85909,2.2282
-8.5547,-8.2988,-0.61075,-2.0407,-1.1003,-7.3806,-7.569,0.10459,-0.31765,-0.95554,-0.082922,1.2538
-7.1247,-7.2671,1.5224,0.91789,1.0329,-7.4534,-7.6307,1.7209,0.87023,0.61505,1.4767,2.8633
-7.9105,-7.8638,0.27863,-0.72747,-0.21092,-7.4109,-7.5964,0.81237,0.17244,-0.27088,0.60151,1.9616
-8.5315,-8.2839,-0.58052,-1.9939,-1.0701,-7.3816,-7.57,0.12954,-0.30112,-0.93059,-0.057965,1.2788
-7.5892,-7.629,0.76468,-0.060964,0.27513,-7.4275,-7.6103,1.1774,0.44337,0.087076,0.94257,2.3198
-7.9811,-7.9138,0.17574,-0.87294,-0.31381,-7.4074,-7.5934,0.73322,0.11537,-0.34006,0.52951,1.8824
-8.8628,-8.4916,-1.0009,-2.6586,-1.4904,-7.3674,-7.556,-0.22343,-0.5304,-1.2726,-0.38877,0.94664
-7.284,-7.3941,1.2551,0.58015,0.76557,-7.4443,-7.6236,1.5323,0.71902,0.43021,1.2923,2.6747
-8.3148,-8.1422,-0.29204,-1.5552,-0.78158,-7.3914,-7.5791,0.36451,-0.14285,-0.70505,0.16325,1.5137
-8.7101,-8.3972,-0.81011,-2.3532,-1.2997,-7.3738,-7.5624,-0.061674,-0.42653,-1.1148,-0.23305,1.1084
-8.4242,-8.2143,-0.43902,-1.777,-0.92856,-7.3864,-7.5745,0.24553,-0.22358,-0.82119,0.044278,1.3947
-8.0622,-7.9705,0.059341,-1.0395,-0.43021,-7.4034,-7.5899,0.64286,0.050928,-0.43043,0.44078,1.7921
-8.7241,-8.4059,-0.82785,-2.3813,-1.3174,-7.3732,-7.5618,-0.076613,-0.43621,-1.1298,-0.24405,1.0935
-7.3785,-7.4681,1.1002,0.38079,0.61067,-7.4389,-7.6195,1.4216,0.63171,0.32521,1.1816,2.564
-8.5373,-8.2876,-0.58815,-2.0057,-1.0777,-7.3814,-7.5697,0.12325,-0.30529,-0.93688,-0.064254,1.2725
-8.1033,-7.9989,0.0010697,-1.1236,-0.48848,-7.4014,-7.5882,0.59728,0.018714,-0.47345,0.3952,1.7465
-8.2958,-8.1295,-0.26618,-1.5166,-0.75573,-7.3923,-7.5799,0.38528,-0.12864,-0.68428,0.18348,1.5345
-7.5198,-7.5766,0.87364,0.084045,0.3841,-7.4312,-7.6133,1.2573,0.50441,0.16703,1.0203,2.3997
-6.8223,-7.0175,2.0514,1.5654,1.5618,-7.4716,-7.6441,2.0854,1.1716,0.97292,1.8343,3.0478
-9.7458,-9.0019,-2.0215,-4.3978,-2.5111,-7.3329,-7.5194,-1.1301,-1.0807,-2.1608,-1.2622,0.23476
-8.1209,-8.011,-0.023746,-1.1596,-0.51329,-7.4006,-7.5874,0.5778,0.0050043,-0.49293,0.37572,1.727
-7.1642,-7.2989,1.4553,0.83386,0.96579,-7.4511,-7.6289,1.6739,0.83222,0.57174,1.4302,2.8163
-8.4344,-8.221,-0.45261,-1.7976,-0.94216,-7.386,-7.5741,0.23445,-0.23104,-0.83227,0.033198,1.3837
-7.192,-7.3212,1.4084,0.77474,0.91883,-7.4495,-7.6277,1.6408,0.80563,0.5387,1.3972,2.7832
-8.8352,-8.4747,-0.96679,-2.6036,-1.4563,-7.3685,-7.5572,-0.19433,-0.51186,-1.2475,-0.36177,0.97573
-7.775,-7.7663,0.47995,-0.44735,-0.0095939,-7.4177,-7.6023,0.96529,0.28439,-0.11795,0.73858,2.1077
-7.8587,-7.8268,0.35494,-0.6206,-0.13461,-7.4135,-7.5987,0.87063,0.21483,-0.21261,0.65977,2.0198
-8.5552,-8.2991,-0.61143,-2.0417,-1.101,-7.3806,-7.5689,0.10402,-0.31803,-0.95611,-0.083487,1.2532
-9.213,-8.7008,-1.4213,-3.3539,-1.9108,-7.3532,-7.5414,-0.58876,-0.75813,-1.636,-0.7511,0.58131
-8.4854,-8.2542,-0.52014,-1.9009,-1.0097,-7.3837,-7.5719,0.17921,-0.26805,-0.88751,-0.0082962,1.3284
-7.389,-7.4763,1.0831,0.3586,0.59356,-7.4384,-7.619,1.4093,0.62208,0.3129,1.1693,2.5516
-8.7169,-8.4014,-0.81876,-2.3669,-1.3083,-7.3736,-7.5621,-0.068956,-0.43125,-1.1221,-0.23639,1.1011
-7.293,-7.4013,1.2402,0.561,0.7506,-7.4437,-7.6232,1.5217,0.71057,0.41955,1.2817,2.6641
-9.7163,-8.9857,-1.9893,-4.3404,-2.4789,-7.334,-7.5206,-1.1006,-1.0634,-2.1312,-1.2326,0.26433
-8.8486,-8.483,-0.98344,-2.6304,-1.473,-7.368,-7.5566,-0.20852,-0.52091,-1.2577,-0.37596,0.96154
-9.2948,-8.7483,-1.5163,-3.5152,-2.0058,-7.35,-7.538,-0.67298,-0.80939,-1.7203,-0.82595,0.49709
-7.9325,-7.8795,0.24639,-0.77287,-0.24316,-7.4098,-7.5955,0.78764,0.15455,-0.28564,0.58394,1.9369
-7.7989,-7.7837,0.44399,-0.49696,-0.04556,-7.4165,-7.6012,0.93816,0.26436,-0.14509,0.7273,2.0806
-7.6246,-7.6555,0.70967,-0.13476,0.22012,-7.4256,-7.6088,1.1368,0.41259,0.049484,0.90196,2.2792
